name,category,town,rating,has_nonheritage,total_score,level,score_rating,score_review,score_positive,score_culture,score_photos
关氏咏春拳馆,其他,丹灶镇,4.5,True,64.0,中,90.0,0.0,100.0,60,0.0
洲表咏春拳馆,体育设施,桂城街道,4.5,True,64.0,中,90.0,0.0,100.0,60,0.0
西樵龙狮武术运动协会青联龙狮训练基地,体育设施,西樵镇,4.5,True,64.0,中,90.0,0.0,100.0,60,0.0
佛山市南海劲道咏春拳馆,自然景观,大沥镇,4.5,True,64.0,中,90.0,0.0,100.0,60,0.0
九江双蒸博物馆,文化场馆,九江镇,4.4,True,63.4,中,88.0,0.0,100.0,60,0.0
佛山非遗洪拳馆,自然景观,桂城街道,4.4,True,63.4,中,88.0,0.0,100.0,60,0.0
九江璜矶龙舟训练基地,其他,九江镇,4.4,True,63.4,中,88.0,0.0,100.0,60,0.0
九江龙舟研学营地,体育设施,九江镇,4.4,True,63.4,中,88.0,0.0,100.0,60,0.0
广府龙舟文化(纳德利)体验基地,其他,里水镇,4.4,True,63.4,中,88.0,0.0,100.0,60,0.0
佛山聚谊武术龙狮团,自然景观,大沥镇,4.4,True,63.4,中,88.0,0.0,100.0,60,0.0
良溪咏春拳馆,体育设施,桂城街道,4.4,True,63.4,中,88.0,0.0,100.0,60,0.0
罗村咏春体育公园文化广场,自然景观,狮山镇,4.3,True,62.8,中,86.0,0.0,100.0,60,0.0
叶问宗师馆,自然景观,狮山镇,4.3,True,62.8,中,86.0,0.0,100.0,60,0.0
麻奢龙舟基地,体育设施,里水镇,4.3,True,62.8,中,86.0,0.0,100.0,60,0.0
南海黄飞鸿中联龙狮训练俱乐部,其他,西樵镇,4.3,True,62.8,中,86.0,0.0,100.0,60,0.0
洲表村西里聚英堂龙狮团训练基地,体育设施,桂城街道,4.3,True,62.8,中,86.0,0.0,100.0,60,0.0
佛山忠艺龙狮训练基地,自然景观,大沥镇,4.3,True,62.8,中,86.0,0.0,100.0,60,0.0
西樵尚武白眉武馆,体育设施,西樵镇,4.3,True,62.8,中,86.0,0.0,100.0,60,0.0
中和咏春拳馆,体育设施,狮山镇,4.3,True,62.8,中,86.0,0.0,100.0,60,0.0
叠滘咏春体育会,体育设施,桂城街道,4.3,True,62.8,中,86.0,0.0,100.0,60,0.0
源林·九江龙舟公园,自然景观,九江镇,4.2,True,62.2,中,84.0,0.0,100.0,60,0.0
黄岐龙母庙,自然景观,大沥镇,4.2,True,62.2,中,84.0,0.0,100.0,60,0.0
沙溪罡毅龙狮训练基地,其他,里水镇,4.2,True,62.2,中,84.0,0.0,100.0,60,0.0
荷村龙舟基地,体育设施,狮山镇,4.1,True,61.6,中,82.0,0.0,100.0,60,0.0
沙步龙舟训练基地,其他,里水镇,4.1,True,61.6,中,82.0,0.0,100.0,60,0.0
上林龙舟俱乐部,体育设施,丹灶镇,4.1,True,61.6,中,82.0,0.0,100.0,60,0.0
狮南龙舟训练基地,其他,狮山镇,4.1,True,61.6,中,82.0,0.0,100.0,60,0.0
郭氏咏春拳会,体育设施,桂城街道,4.1,True,61.6,中,82.0,0.0,100.0,60,0.0
佛山恒胜咏春拳馆,自然景观,狮山镇,4.1,True,61.6,中,82.0,0.0,100.0,60,0.0
龙母庙,自然景观,丹灶镇,4.0,True,61.0,中,80.0,0.0,100.0,60,0.0
夏西良溪醒狮训练基地,其他,桂城街道,4.0,True,61.0,中,80.0,0.0,100.0,60,0.0
穆院同义堂醒狮武术会,其他,狮山镇,4.0,True,61.0,中,80.0,0.0,100.0,60,0.0
西樵纳德利龙舟基地,体育设施,西樵镇,4.0,True,61.0,中,80.0,0.0,100.0,60,0.0
高海龙舟训练基地,其他,丹灶镇,4.0,True,61.0,中,80.0,0.0,100.0,60,0.0
丹灶镇开心龙舟俱乐部,体育设施,丹灶镇,4.0,True,61.0,中,80.0,0.0,100.0,60,0.0
龙舟码头游客中心,其他,里水镇,4.0,True,61.0,中,80.0,0.0,100.0,60,0.0
下安白沙龙舟训练基地,其他,丹灶镇,4.0,True,61.0,中,80.0,0.0,100.0,60,0.0
南海耀保咏春拳馆(家天下·家居广场店),公园绿地,桂城街道,4.0,True,61.0,中,80.0,0.0,100.0,60,0.0
张红山咏春拳,自然景观,里水镇,4.0,True,61.0,中,80.0,0.0,100.0,60,0.0
佛山国鼎武术龙狮团,自然景观,西樵镇,4.0,True,61.0,中,80.0,0.0,100.0,60,0.0
南海白眉武术馆,非遗体验,西樵镇,4.0,True,61.0,中,80.0,0.0,100.0,60,0.0
广东轻工职业技术大学(南海校区南区),其他,狮山镇,4.8,False,53.8,中,96.0,0.0,100.0,0,0.0
南海体育中心,体育设施,狮山镇,4.8,False,53.8,中,96.0,0.0,100.0,0,0.0
桂城儿童公园,自然景观,桂城街道,4.7,False,53.2,中,94.0,0.0,100.0,0,0.0
南国桃园,自然景观,大沥镇,4.7,False,53.2,中,94.0,0.0,100.0,0,0.0
南海观音寺,自然景观,大沥镇,4.7,False,53.2,中,94.0,0.0,100.0,0,0.0
西樵山风景名胜区,自然景观,西樵镇,4.7,False,53.2,中,94.0,0.0,100.0,0,0.0
西樵山南海观音,自然景观,西樵镇,4.7,False,53.2,中,94.0,0.0,100.0,0,0.0
千灯湖公园,自然景观,桂城街道,4.7,False,53.2,中,94.0,0.0,100.0,0,0.0
广东省机械技师学院(南海校区),其他,狮山镇,4.7,False,53.2,中,94.0,0.0,100.0,0,0.0
南海体育馆,体育设施,桂城街道,4.7,False,53.2,中,94.0,0.0,100.0,0,0.0
南海鹿尔花园,休闲娱乐,大沥镇,4.7,False,53.2,中,94.0,0.0,100.0,0,0.0
南海区体育中心体育场,体育设施,狮山镇,4.7,False,53.2,中,94.0,0.0,100.0,0,0.0
南海影剧院,体育设施,桂城街道,4.7,False,53.2,中,94.0,0.0,100.0,0,0.0
万达影城(南海万达广场店),公园绿地,桂城街道,4.7,False,53.2,中,94.0,0.0,100.0,0,0.0
红LiveHouse(佛山店),自然景观,里水镇,4.7,False,53.2,中,94.0,0.0,100.0,0,0.0
佛山W台球(旗舰店),自然景观,桂城街道,4.7,False,53.2,中,94.0,0.0,100.0,0,0.0
紅 LIVESHOW(佛山桂城店),自然景观,桂城街道,4.7,False,53.2,中,94.0,0.0,100.0,0,0.0
一品烧农庄,体育设施,西樵镇,4.7,False,53.2,中,94.0,0.0,100.0,0,0.0
高浩电竞(永旺天街店),体育设施,大沥镇,4.7,False,53.2,中,94.0,0.0,100.0,0,0.0
佛山植物园,自然景观,狮山镇,4.6,False,52.6,中,92.0,0.0,100.0,0,0.0
𧒽岗公园,自然景观,桂城街道,4.6,False,52.6,中,92.0,0.0,100.0,0,0.0
九龙公园,自然景观,里水镇,4.6,False,52.6,中,92.0,0.0,100.0,0,0.0
文翰湖公园,自然景观,桂城街道,4.6,False,52.6,中,92.0,0.0,100.0,0,0.0
孝德湖公园,自然景观,狮山镇,4.6,False,52.6,中,92.0,0.0,100.0,0,0.0
三山森林公园,自然景观,桂城街道,4.6,False,52.6,中,92.0,0.0,100.0,0,0.0
展旗峰生态公园,自然景观,里水镇,4.6,False,52.6,中,92.0,0.0,100.0,0,0.0
西樵山-听音湖,自然景观,西樵镇,4.6,False,52.6,中,92.0,0.0,100.0,0,0.0
中央电视台南海影视城,自然景观,狮山镇,4.6,False,52.6,中,92.0,0.0,100.0,0,0.0
莲塘玫瑰园,体育设施,狮山镇,4.6,False,52.6,中,92.0,0.0,100.0,0,0.0
丰速卡丁车俱乐部(金沙洲店),体育设施,大沥镇,4.6,False,52.6,中,92.0,0.0,100.0,0,0.0
九龙Park欢乐世界,体育设施,大沥镇,4.6,False,52.6,中,92.0,0.0,100.0,0,0.0
夏漖粮园·喜文化创意基地,体育设施,桂城街道,4.6,False,52.6,中,92.0,0.0,100.0,0,0.0
佛山高尔夫球会,自然景观,狮山镇,4.6,False,52.6,中,92.0,0.0,100.0,0,0.0
星瑞羽毛球体育中心,体育设施,桂城街道,4.6,False,52.6,中,92.0,0.0,100.0,0,0.0
佳高羽毛球乒乓球馆,体育设施,桂城街道,4.6,False,52.6,中,92.0,0.0,100.0,0,0.0
爆笑虫子城市主题乐园,休闲娱乐,桂城街道,4.6,False,52.6,中,92.0,0.0,100.0,0,0.0
脉铂影城(佛山金铂中心店),自然景观,桂城街道,4.6,False,52.6,中,92.0,0.0,100.0,0,0.0
聚龙庄顺德菜农庄,体育设施,桂城街道,4.6,False,52.6,中,92.0,0.0,100.0,0,0.0
想唱就唱互动式KTV,体育设施,大沥镇,4.6,False,52.6,中,92.0,0.0,100.0,0,0.0
开心麻花·花花世界佛山,自然景观,桂城街道,4.6,False,52.6,中,92.0,0.0,100.0,0,0.0
罗村中心广场,自然景观,狮山镇,4.5,False,52.0,中,90.0,0.0,100.0,0,0.0
盐步公园,自然景观,大沥镇,4.5,False,52.0,中,90.0,0.0,100.0,0,0.0
南海全民健身体育公园,自然景观,桂城街道,4.5,False,52.0,中,90.0,0.0,100.0,0,0.0
千灯湖公园北区,自然景观,桂城街道,4.5,False,52.0,中,90.0,0.0,100.0,0,0.0
佛山海洋馆,自然景观,大沥镇,4.5,False,52.0,中,90.0,0.0,100.0,0,0.0
追梦极限运动公园,自然景观,桂城街道,4.5,False,52.0,中,90.0,0.0,100.0,0,0.0
南海湾森林生态园,自然景观,西樵镇,4.5,False,52.0,中,90.0,0.0,100.0,0,0.0
南山艺术馆,自然景观,西樵镇,4.5,False,52.0,中,90.0,0.0,100.0,0,0.0
樵山文化中心,自然景观,西樵镇,4.5,False,52.0,中,90.0,0.0,100.0,0,0.0
有荷堂美术馆,文化场馆,狮山镇,4.5,False,52.0,中,90.0,0.0,100.0,0,0.0
南海区信息技术学校,其他,狮山镇,4.5,False,52.0,中,90.0,0.0,100.0,0,0.0
西樵山森吧飞越树上探险乐园,自然景观,西樵镇,4.5,False,52.0,中,90.0,0.0,100.0,0,0.0
桃园高尔夫会所,体育设施,大沥镇,4.5,False,52.0,中,90.0,0.0,100.0,0,0.0
南海高尔夫球会,体育设施,丹灶镇,4.5,False,52.0,中,90.0,0.0,100.0,0,0.0
谢边农庄(祠侧巷),体育设施,大沥镇,4.5,False,52.0,中,90.0,0.0,100.0,0,0.0
野望川·露营地,体育设施,里水镇,4.5,False,52.0,中,90.0,0.0,100.0,0,0.0
花语湖,自然景观,丹灶镇,4.5,False,52.0,中,90.0,0.0,100.0,0,0.0
黄飞鸿狮艺武术馆,非遗体验,西樵镇,4.5,False,52.0,中,90.0,0.0,100.0,0,0.0
W · Super Live Show(超级音乐秀场),体育设施,桂城街道,4.5,False,52.0,中,90.0,0.0,100.0,0,0.0
多元宝贝世界(龙汇店),休闲娱乐,大沥镇,4.5,False,52.0,中,90.0,0.0,100.0,0,0.0
稻田派对空间paddyparty,体育设施,桂城街道,4.5,False,52.0,中,90.0,0.0,100.0,0,0.0
星元地带Camping,体育设施,大沥镇,4.5,False,52.0,中,90.0,0.0,100.0,0,0.0
泽木体育馆,体育设施,里水镇,4.5,False,52.0,中,90.0,0.0,100.0,0,0.0
虾开心钓虾馆·露天小酒馆,体育设施,桂城街道,4.5,False,52.0,中,90.0,0.0,100.0,0,0.0
上海村足球场,体育设施,桂城街道,4.5,False,52.0,中,90.0,0.0,100.0,0,0.0
二月花高尔夫球俱乐部,体育设施,桂城街道,4.5,False,52.0,中,90.0,0.0,100.0,0,0.0
平稳村篮球场,体育设施,桂城街道,4.5,False,52.0,中,90.0,0.0,100.0,0,0.0
林溪生态农庄,体育设施,狮山镇,4.5,False,52.0,中,90.0,0.0,100.0,0,0.0
乐动力黄岐文体中心,体育设施,大沥镇,4.5,False,52.0,中,90.0,0.0,100.0,0,0.0
TOP LEVEL顶级娱乐(金沙洲万达广场店),公园绿地,大沥镇,4.5,False,52.0,中,90.0,0.0,100.0,0,0.0
南海体育中心游泳馆,体育设施,狮山镇,4.5,False,52.0,中,90.0,0.0,100.0,0,0.0
上林苑销售中心,体育设施,狮山镇,4.5,False,52.0,中,90.0,0.0,100.0,0,0.0
超兔健身·24小时,体育设施,大沥镇,4.5,False,52.0,中,90.0,0.0,100.0,0,0.0
金逸影城(鹏瑞利IMAX店),体育设施,桂城街道,4.5,False,52.0,中,90.0,0.0,100.0,0,0.0
稻梦花田露营地·钓鱼钓虾采摘·团建烤全羊,体育设施,狮山镇,4.5,False,52.0,中,90.0,0.0,100.0,0,0.0
大冲白露岗篮球场,体育设施,里水镇,4.5,False,52.0,中,90.0,0.0,100.0,0,0.0
小白鸭休闲会所,体育设施,狮山镇,4.5,False,52.0,中,90.0,0.0,100.0,0,0.0
飞鸿馆(西樵山体育馆),自然景观,西樵镇,4.5,False,52.0,中,90.0,0.0,100.0,0,0.0
大王锋海钓场,体育设施,狮山镇,4.5,False,52.0,中,90.0,0.0,100.0,0,0.0
高浩电竞(保利水城店),体育设施,桂城街道,4.5,False,52.0,中,90.0,0.0,100.0,0,0.0
英皇w台球,体育设施,桂城街道,4.5,False,52.0,中,90.0,0.0,100.0,0,0.0
山语湖俱乐部,自然景观,里水镇,4.5,False,52.0,中,90.0,0.0,100.0,0,0.0
保利国际影城(佛山南海店),自然景观,桂城街道,4.5,False,52.0,中,90.0,0.0,100.0,0,0.0
大高村游泳场,体育设施,狮山镇,4.5,False,52.0,中,90.0,0.0,100.0,0,0.0
新活力足球场,体育设施,桂城街道,4.5,False,52.0,中,90.0,0.0,100.0,0,0.0
爷爷不泡茶NOYEYENOTEA(佛山南海万科广场店),自然景观,桂城街道,4.5,False,52.0,中,90.0,0.0,100.0,0,0.0
爷爷不泡茶NOYEYENOTEA(佛山南海万达广场店),自然景观,桂城街道,4.5,False,52.0,中,90.0,0.0,100.0,0,0.0
爱琴珍珠文化馆,文化场馆,里水镇,4.5,False,52.0,中,90.0,0.0,100.0,0,0.0
展旗楼状元文化文创体验馆,其他,里水镇,4.5,False,52.0,中,90.0,0.0,100.0,0,0.0
南国桃园-南海观音寺-三圣殿,自然景观,大沥镇,4.4,False,51.4,中,88.0,0.0,100.0,0,0.0
中共南三花工委旧址,自然景观,里水镇,4.4,False,51.4,中,88.0,0.0,100.0,0,0.0
天空之眼摩天轮(金沙洲万达广场),自然景观,里水镇,4.4,False,51.4,中,88.0,0.0,100.0,0,0.0
梦里水乡百花园,自然景观,里水镇,4.4,False,51.4,中,88.0,0.0,100.0,0,0.0
小塘公园,自然景观,狮山镇,4.4,False,51.4,中,88.0,0.0,100.0,0,0.0
河村公园,自然景观,里水镇,4.4,False,51.4,中,88.0,0.0,100.0,0,0.0
桂城滨江公园,自然景观,桂城街道,4.4,False,51.4,中,88.0,0.0,100.0,0,0.0
官窑文化广场,自然景观,狮山镇,4.4,False,51.4,中,88.0,0.0,100.0,0,0.0
曹边休闲广场,自然景观,大沥镇,4.4,False,51.4,中,88.0,0.0,100.0,0,0.0
映月湖公园,自然景观,桂城街道,4.4,False,51.4,中,88.0,0.0,100.0,0,0.0
黄岐公园,自然景观,大沥镇,4.4,False,51.4,中,88.0,0.0,100.0,0,0.0
半月岛生态公园(南海段),自然景观,桂城街道,4.4,False,51.4,中,88.0,0.0,100.0,0,0.0
兴隆公园,自然景观,里水镇,4.4,False,51.4,中,88.0,0.0,100.0,0,0.0
回龙公园,自然景观,桂城街道,4.4,False,51.4,中,88.0,0.0,100.0,0,0.0
大步公园,自然景观,里水镇,4.4,False,51.4,中,88.0,0.0,100.0,0,0.0
邓西公园,自然景观,大沥镇,4.4,False,51.4,中,88.0,0.0,100.0,0,0.0
九村公园,自然景观,里水镇,4.4,False,51.4,中,88.0,0.0,100.0,0,0.0
道头公园,自然景观,里水镇,4.4,False,51.4,中,88.0,0.0,100.0,0,0.0
夏南二公园,自然景观,桂城街道,4.4,False,51.4,中,88.0,0.0,100.0,0,0.0
金雅轩世纪广场,自然景观,大沥镇,4.4,False,51.4,中,88.0,0.0,100.0,0,0.0
南海活力足球公园,自然景观,桂城街道,4.4,False,51.4,中,88.0,0.0,100.0,0,0.0
南海博物馆,文化场馆,西樵镇,4.4,False,51.4,中,88.0,0.0,100.0,0,0.0
广东大观博物馆,文化场馆,桂城街道,4.4,False,51.4,中,88.0,0.0,100.0,0,0.0
西樵山美术馆(有为馆),自然景观,西樵镇,4.4,False,51.4,中,88.0,0.0,100.0,0,0.0
中国蒙娜丽莎文化艺术馆,文化场馆,西樵镇,4.4,False,51.4,中,88.0,0.0,100.0,0,0.0
南新美术馆,文化场馆,桂城街道,4.4,False,51.4,中,88.0,0.0,100.0,0,0.0
华天鹤美术馆,文化场馆,桂城街道,4.4,False,51.4,中,88.0,0.0,100.0,0,0.0
卓艺美术(桂城校区),文化场馆,桂城街道,4.4,False,51.4,中,88.0,0.0,100.0,0,0.0
国际武术学校,其他,丹灶镇,4.4,False,51.4,中,88.0,0.0,100.0,0,0.0
美伦国际高中,其他,桂城街道,4.4,False,51.4,中,88.0,0.0,100.0,0,0.0
超级180文娱综合体,体育设施,大沥镇,4.4,False,51.4,中,88.0,0.0,100.0,0,0.0
耕山小寨,自然景观,丹灶镇,4.4,False,51.4,中,88.0,0.0,100.0,0,0.0
金沙洲浪险猴天地,体育设施,大沥镇,4.4,False,51.4,中,88.0,0.0,100.0,0,0.0
远方钓鱼场,体育设施,里水镇,4.4,False,51.4,中,88.0,0.0,100.0,0,0.0
早稻谷文旅小镇,体育设施,狮山镇,4.4,False,51.4,中,88.0,0.0,100.0,0,0.0
淘花园露营地,公园绿地,大沥镇,4.4,False,51.4,中,88.0,0.0,100.0,0,0.0
青木花舍·团建·露营·年会,体育设施,桂城街道,4.4,False,51.4,中,88.0,0.0,100.0,0,0.0
雾时之森·团建聚会·露营烧烤·派对轰趴,体育设施,里水镇,4.4,False,51.4,中,88.0,0.0,100.0,0,0.0
桂城半月岛生态公园-露营地,自然景观,桂城街道,4.4,False,51.4,中,88.0,0.0,100.0,0,0.0
肥佬钓虾场(金沙洲店),体育设施,里水镇,4.4,False,51.4,中,88.0,0.0,100.0,0,0.0
万达影城(佛山南海万科广场店),自然景观,桂城街道,4.4,False,51.4,中,88.0,0.0,100.0,0,0.0
大板牙主题乐园,休闲娱乐,桂城街道,4.4,False,51.4,中,88.0,0.0,100.0,0,0.0
大浩湖度假区,自然景观,大沥镇,4.4,False,51.4,中,88.0,0.0,100.0,0,0.0
西樵樵海港农庄,体育设施,西樵镇,4.4,False,51.4,中,88.0,0.0,100.0,0,0.0
飙风潮玩娱乐城(网红店),体育设施,桂城街道,4.4,False,51.4,中,88.0,0.0,100.0,0,0.0
万达影城(悦汇广场店),公园绿地,桂城街道,4.4,False,51.4,中,88.0,0.0,100.0,0,0.0
星野云端营地,体育设施,桂城街道,4.4,False,51.4,中,88.0,0.0,100.0,0,0.0
润禾山庄,自然景观,丹灶镇,4.4,False,51.4,中,88.0,0.0,100.0,0,0.0
温伴团建·烧烤·露营·采摘(贤鲁岛店),自然景观,里水镇,4.4,False,51.4,中,88.0,0.0,100.0,0,0.0
环影天地影城(映月湖环宇城店),自然景观,桂城街道,4.4,False,51.4,中,88.0,0.0,100.0,0,0.0
佛山擎天攀岩馆,自然景观,大沥镇,4.4,False,51.4,中,88.0,0.0,100.0,0,0.0
乐8运动馆,体育设施,狮山镇,4.4,False,51.4,中,88.0,0.0,100.0,0,0.0
美乐城KTV,体育设施,里水镇,4.4,False,51.4,中,88.0,0.0,100.0,0,0.0
发仔醋坊·非遗臭屁醋(壹品广场店),非遗体验,桂城街道,4.4,False,51.4,中,88.0,0.0,100.0,0,0.0
牛牛西厨·牛排餐厅(友邦金融中心店),其他,桂城街道,4.4,False,51.4,中,88.0,0.0,100.0,0,0.0
烟桥古村,自然景观,九江镇,4.4,False,51.4,中,88.0,0.0,100.0,0,0.0
西樵山宝峰寺,自然景观,西樵镇,4.4,False,51.4,中,88.0,0.0,100.0,0,0.0
新精武极一功夫会馆(佛山校区),自然景观,桂城街道,4.4,False,51.4,中,88.0,0.0,100.0,0,0.0
GP综合格斗馆,体育设施,桂城街道,4.4,False,51.4,中,88.0,0.0,100.0,0,0.0
佛山温拿格斗训练基地温拿拳馆,自然景观,西樵镇,4.4,False,51.4,中,88.0,0.0,100.0,0,0.0
盛武搏击健身俱乐部(凯德百货大楼店),体育设施,大沥镇,4.4,False,51.4,中,88.0,0.0,100.0,0,0.0
能量搏击俱乐部(南海新经济小镇店),体育设施,桂城街道,4.4,False,51.4,中,88.0,0.0,100.0,0,0.0
马国超太极拳馆(凯泰中心店),体育设施,桂城街道,4.4,False,51.4,中,88.0,0.0,100.0,0,0.0
龙虎武堂,自然景观,大沥镇,4.4,False,51.4,中,88.0,0.0,100.0,0,0.0
三堂书院,其他,大沥镇,4.4,False,51.4,中,88.0,0.0,100.0,0,0.0
谦谦书院,其他,桂城街道,4.4,False,51.4,中,88.0,0.0,100.0,0,0.0
五斗水闸牌坊,自然景观,桂城街道,4.3,False,50.8,中,86.0,0.0,100.0,0,0.0
拱北公园,自然景观,里水镇,4.3,False,50.8,中,86.0,0.0,100.0,0,0.0
恒大御景半岛钟楼,自然景观,里水镇,4.3,False,50.8,中,86.0,0.0,100.0,0,0.0
大沥公园,自然景观,大沥镇,4.3,False,50.8,中,86.0,0.0,100.0,0,0.0
玄武庙,自然景观,大沥镇,4.3,False,50.8,中,86.0,0.0,100.0,0,0.0
下沙滘文化广场,自然景观,丹灶镇,4.3,False,50.8,中,86.0,0.0,100.0,0,0.0
张边南公园,自然景观,大沥镇,4.3,False,50.8,中,86.0,0.0,100.0,0,0.0
中共南海县委旧址,自然景观,狮山镇,4.3,False,50.8,中,86.0,0.0,100.0,0,0.0
𧒽岗公园-魁星阁,自然景观,桂城街道,4.3,False,50.8,中,86.0,0.0,100.0,0,0.0
仙湖音乐喷泉广场,自然景观,狮山镇,4.3,False,50.8,中,86.0,0.0,100.0,0,0.0
松岗文化公园,自然景观,大沥镇,4.3,False,50.8,中,86.0,0.0,100.0,0,0.0
兴贤党群文化广场,自然景观,大沥镇,4.3,False,50.8,中,86.0,0.0,100.0,0,0.0
洲村公园,自然景观,里水镇,4.3,False,50.8,中,86.0,0.0,100.0,0,0.0
大基尾公园,自然景观,大沥镇,4.3,False,50.8,中,86.0,0.0,100.0,0,0.0
博爱湖东草坪广场,自然景观,狮山镇,4.3,False,50.8,中,86.0,0.0,100.0,0,0.0
听音广场,自然景观,西樵镇,4.3,False,50.8,中,86.0,0.0,100.0,0,0.0
礌岗公园-千灯湖活水公园,自然景观,桂城街道,4.3,False,50.8,中,86.0,0.0,100.0,0,0.0
千灯湖水生态研学基地科普型公园,自然景观,桂城街道,4.3,False,50.8,中,86.0,0.0,100.0,0,0.0
博爱湖体育公园,自然景观,狮山镇,4.3,False,50.8,中,86.0,0.0,100.0,0,0.0
兴联村公园,自然景观,里水镇,4.3,False,50.8,中,86.0,0.0,100.0,0,0.0
尖东公园,自然景观,桂城街道,4.3,False,50.8,中,86.0,0.0,100.0,0,0.0
沙头文体公园,自然景观,丹灶镇,4.3,False,50.8,中,86.0,0.0,100.0,0,0.0
白岗公园,自然景观,里水镇,4.3,False,50.8,中,86.0,0.0,100.0,0,0.0
水口公园,自然景观,里水镇,4.3,False,50.8,中,86.0,0.0,100.0,0,0.0
夏南二荷花广场,自然景观,桂城街道,4.3,False,50.8,中,86.0,0.0,100.0,0,0.0
东二公园,自然景观,桂城街道,4.3,False,50.8,中,86.0,0.0,100.0,0,0.0
青龙公园,自然景观,里水镇,4.3,False,50.8,中,86.0,0.0,100.0,0,0.0
朝山公园,自然景观,丹灶镇,4.3,False,50.8,中,86.0,0.0,100.0,0,0.0
高铁公园,自然景观,桂城街道,4.3,False,50.8,中,86.0,0.0,100.0,0,0.0
桂城童趣公园,自然景观,桂城街道,4.3,False,50.8,中,86.0,0.0,100.0,0,0.0
平地公园,自然景观,大沥镇,4.3,False,50.8,中,86.0,0.0,100.0,0,0.0
千灯湖体育公园,自然景观,桂城街道,4.3,False,50.8,中,86.0,0.0,100.0,0,0.0
横江公园,自然景观,里水镇,4.3,False,50.8,中,86.0,0.0,100.0,0,0.0
陈溪公园,自然景观,大沥镇,4.3,False,50.8,中,86.0,0.0,100.0,0,0.0
平南公园,自然景观,桂城街道,4.3,False,50.8,中,86.0,0.0,100.0,0,0.0
颜边公园,自然景观,里水镇,4.3,False,50.8,中,86.0,0.0,100.0,0,0.0
上沙涌公园,自然景观,里水镇,4.3,False,50.8,中,86.0,0.0,100.0,0,0.0
厦边公园,自然景观,大沥镇,4.3,False,50.8,中,86.0,0.0,100.0,0,0.0
东约公园,自然景观,里水镇,4.3,False,50.8,中,86.0,0.0,100.0,0,0.0
沥城公园,自然景观,里水镇,4.3,False,50.8,中,86.0,0.0,100.0,0,0.0
里东公园,自然景观,里水镇,4.3,False,50.8,中,86.0,0.0,100.0,0,0.0
大操场公园,自然景观,大沥镇,4.3,False,50.8,中,86.0,0.0,100.0,0,0.0
吴家大院,自然景观,九江镇,4.3,False,50.8,中,86.0,0.0,100.0,0,0.0
西华寺,自然景观,里水镇,4.3,False,50.8,中,86.0,0.0,100.0,0,0.0
平地观音庙,自然景观,大沥镇,4.3,False,50.8,中,86.0,0.0,100.0,0,0.0
基督教盐步堂,自然景观,大沥镇,4.3,False,50.8,中,86.0,0.0,100.0,0,0.0
佛山市儿童博物馆,自然景观,大沥镇,4.3,False,50.8,中,86.0,0.0,100.0,0,0.0
佛山活体昆虫博物馆,自然景观,西樵镇,4.3,False,50.8,中,86.0,0.0,100.0,0,0.0
白沙乡情馆,自然景观,里水镇,4.3,False,50.8,中,86.0,0.0,100.0,0,0.0
叠滘水乡村史文化展馆,文化场馆,桂城街道,4.3,False,50.8,中,86.0,0.0,100.0,0,0.0
南海区丹灶镇罗行村史馆,文化场馆,丹灶镇,4.3,False,50.8,中,86.0,0.0,100.0,0,0.0
小镇规划馆,文化场馆,里水镇,4.3,False,50.8,中,86.0,0.0,100.0,0,0.0
南海区袜子文化展览馆,文化场馆,里水镇,4.3,False,50.8,中,86.0,0.0,100.0,0,0.0
南海科学馆,其他,桂城街道,4.3,False,50.8,中,86.0,0.0,100.0,0,0.0
佛山南海湾实验中学,自然景观,西樵镇,4.3,False,50.8,中,86.0,0.0,100.0,0,0.0
西樵山桃花源农家乐,自然景观,西樵镇,4.3,False,50.8,中,86.0,0.0,100.0,0,0.0
向峰钓鱼场,体育设施,狮山镇,4.3,False,50.8,中,86.0,0.0,100.0,0,0.0
爷爷不泡茶NOYEYENOTEA(佛山伟业兴隆广场店),自然景观,大沥镇,4.3,False,50.8,中,86.0,0.0,100.0,0,0.0
爷爷不泡茶NOYEYENOTEA(佛山大沥永旺梦乐城店),自然景观,大沥镇,4.3,False,50.8,中,86.0,0.0,100.0,0,0.0
爷爷不泡茶NOYEYENOTEA(佛山黄岐金铂天地店),自然景观,大沥镇,4.3,False,50.8,中,86.0,0.0,100.0,0,0.0
爷爷不泡茶NOYEYENOTEA(佛山金沙洲金铂天地店),自然景观,里水镇,4.3,False,50.8,中,86.0,0.0,100.0,0,0.0
煲仔正·老广州煲仔饭(千灯湖店),自然景观,桂城街道,4.3,False,50.8,中,86.0,0.0,100.0,0,0.0
石肯华光庙,自然景观,桂城街道,4.3,False,50.8,中,86.0,0.0,100.0,0,0.0
哪吒庙,自然景观,里水镇,4.3,False,50.8,中,86.0,0.0,100.0,0,0.0
文武北帝古庙,自然景观,桂城街道,4.3,False,50.8,中,86.0,0.0,100.0,0,0.0
康有为纪念馆(暂停开放),自然景观,丹灶镇,4.3,False,50.8,中,86.0,0.0,100.0,0,0.0
天际泰拳击俱乐部,体育设施,桂城街道,4.3,False,50.8,中,86.0,0.0,100.0,0,0.0
军杰武馆(里水店),体育设施,里水镇,4.3,False,50.8,中,86.0,0.0,100.0,0,0.0
一越搏击格斗馆,体育设施,里水镇,4.3,False,50.8,中,86.0,0.0,100.0,0,0.0
志添永春拳馆,体育设施,里水镇,4.3,False,50.8,中,86.0,0.0,100.0,0,0.0
秉光书院,其他,西樵镇,4.3,False,50.8,中,86.0,0.0,100.0,0,0.0
罗城三眼井,自然景观,里水镇,4.2,False,50.2,中,84.0,0.0,100.0,0,0.0
茶基三圣宫,自然景观,桂城街道,4.2,False,50.2,中,84.0,0.0,100.0,0,0.0
慧庆禅寺,自然景观,狮山镇,4.2,False,50.2,中,84.0,0.0,100.0,0,0.0
蛇三公园,自然景观,里水镇,4.2,False,50.2,中,84.0,0.0,100.0,0,0.0
杜氏大宗祠,自然景观,大沥镇,4.2,False,50.2,中,84.0,0.0,100.0,0,0.0
大谷天后宫,自然景观,九江镇,4.2,False,50.2,中,84.0,0.0,100.0,0,0.0
雅瑶文化广场,自然景观,里水镇,4.2,False,50.2,中,84.0,0.0,100.0,0,0.0
贤僚公园,自然景观,里水镇,4.2,False,50.2,中,84.0,0.0,100.0,0,0.0
大镇二中公园,自然景观,大沥镇,4.2,False,50.2,中,84.0,0.0,100.0,0,0.0
帅府,自然景观,桂城街道,4.2,False,50.2,中,84.0,0.0,100.0,0,0.0
市民广场,自然景观,狮山镇,4.0,False,50.2,中,84.0,0.0,100.0,0,0.0
区氏大宗祠,自然景观,里水镇,4.2,False,50.2,中,84.0,0.0,100.0,0,0.0
西樵山风景名胜区-樵园公园,自然景观,西樵镇,4.2,False,50.2,中,84.0,0.0,100.0,0,0.0
天湖公园,自然景观,西樵镇,4.2,False,50.2,中,84.0,0.0,100.0,0,0.0
市民广场,自然景观,桂城街道,4.4,False,50.2,中,84.0,0.0,100.0,0,0.0
南海湿地主题公园,自然景观,狮山镇,4.2,False,50.2,中,84.0,0.0,100.0,0,0.0
里水嘉州广场,自然景观,里水镇,4.2,False,50.2,中,84.0,0.0,100.0,0,0.0
赤山公园,自然景观,里水镇,4.2,False,50.2,中,84.0,0.0,100.0,0,0.0
富寿公园,自然景观,里水镇,4.2,False,50.2,中,84.0,0.0,100.0,0,0.0
源林西江湿地公园,自然景观,九江镇,4.2,False,50.2,中,84.0,0.0,100.0,0,0.0
金沙岛国家湿地公园进口广场,自然景观,狮山镇,4.2,False,50.2,中,84.0,0.0,100.0,0,0.0
凤东公园,自然景观,大沥镇,4.2,False,50.2,中,84.0,0.0,100.0,0,0.0
沙溪公园,自然景观,里水镇,4.2,False,50.2,中,84.0,0.0,100.0,0,0.0
桂城西龙湿地公园,自然景观,桂城街道,4.2,False,50.2,中,84.0,0.0,100.0,0,0.0
南海文化公园,自然景观,桂城街道,4.2,False,50.2,中,84.0,0.0,100.0,0,0.0
沙涌公园,自然景观,里水镇,4.2,False,50.2,中,84.0,0.0,100.0,0,0.0
展旗村公园,自然景观,里水镇,4.2,False,50.2,中,84.0,0.0,100.0,0,0.0
八甲公园,自然景观,丹灶镇,4.2,False,50.2,中,84.0,0.0,100.0,0,0.0
怡海公园,自然景观,桂城街道,4.2,False,50.2,中,84.0,0.0,100.0,0,0.0
里水消防科普公园,自然景观,里水镇,4.2,False,50.2,中,84.0,0.0,100.0,0,0.0
东华娱乐公园,自然景观,大沥镇,4.2,False,50.2,中,84.0,0.0,100.0,0,0.0
东平水道河堤公园,自然景观,桂城街道,4.2,False,50.2,中,84.0,0.0,100.0,0,0.0
华光公园,自然景观,丹灶镇,4.2,False,50.2,中,84.0,0.0,100.0,0,0.0
新桂公园,自然景观,大沥镇,4.2,False,50.2,中,84.0,0.0,100.0,0,0.0
白云洞风景区,自然景观,西樵镇,4.2,False,50.2,中,84.0,0.0,100.0,0,0.0
西樵山风景名胜区-观音庙,自然景观,西樵镇,4.2,False,50.2,中,84.0,0.0,100.0,0,0.0
基督教鲤鱼沙堂,自然景观,桂城街道,4.2,False,50.2,中,84.0,0.0,100.0,0,0.0
佛山市岭南金融博物馆(新馆),自然景观,桂城街道,4.2,False,50.2,中,84.0,0.0,100.0,0,0.0
世界口腔器材博物馆,文化场馆,丹灶镇,4.2,False,50.2,中,84.0,0.0,100.0,0,0.0
农耕文化展览馆,文化场馆,里水镇,4.2,False,50.2,中,84.0,0.0,100.0,0,0.0
宝墨堂书法艺术中心,文化场馆,狮山镇,4.2,False,50.2,中,84.0,0.0,100.0,0,0.0
铁村革命展示馆,文化场馆,大沥镇,4.2,False,50.2,中,84.0,0.0,100.0,0,0.0
奥帝艺术馆,文化场馆,里水镇,4.2,False,50.2,中,84.0,0.0,100.0,0,0.0
读书驿站(桂城中海万锦豪园站),文化场馆,桂城街道,4.2,False,50.2,中,84.0,0.0,100.0,0,0.0
台铃科技馆(融创御府店),其他,大沥镇,4.2,False,50.2,中,84.0,0.0,100.0,0,0.0
佛山市众米乐谷文化旅游有限公司,自然景观,里水镇,4.2,False,50.2,中,84.0,0.0,100.0,0,0.0
爷爷不泡茶NOYEYENOTEA(佛山里水嘉洲广场店),自然景观,里水镇,4.2,False,50.2,中,84.0,0.0,100.0,0,0.0
煲仔正·老广州煲仔饭(南海万益广场店),公园绿地,大沥镇,4.2,False,50.2,中,84.0,0.0,100.0,0,0.0
沙水村古村落,自然景观,丹灶镇,4.2,False,50.2,中,84.0,0.0,100.0,0,0.0
杜凤书纪念馆,自然景观,里水镇,4.2,False,50.2,中,84.0,0.0,100.0,0,0.0
黄少强先生纪念园,自然景观,大沥镇,4.2,False,50.2,中,84.0,0.0,100.0,0,0.0
家胜搏击俱乐部,体育设施,狮山镇,4.2,False,50.2,中,84.0,0.0,100.0,0,0.0
黄佰祥武术馆,非遗体验,九江镇,4.2,False,50.2,中,84.0,0.0,100.0,0,0.0
拳风社拳击馆,体育设施,桂城街道,4.2,False,50.2,中,84.0,0.0,100.0,0,0.0
红飞格斗俱乐部(里水店),体育设施,里水镇,4.2,False,50.2,中,84.0,0.0,100.0,0,0.0
GP综合格斗职业训练基地,体育设施,桂城街道,4.2,False,50.2,中,84.0,0.0,100.0,0,0.0
九江上东周馆,体育设施,九江镇,4.2,False,50.2,中,84.0,0.0,100.0,0,0.0
碣石武馆,体育设施,里水镇,4.2,False,50.2,中,84.0,0.0,100.0,0,0.0
凯得书院,其他,桂城街道,4.2,False,50.2,中,84.0,0.0,100.0,0,0.0
星辰书院,其他,大沥镇,4.2,False,50.2,中,84.0,0.0,100.0,0,0.0
麻奢西位牌坊序,自然景观,大沥镇,4.2,False,50.2,中,84.0,0.0,100.0,0,0.0
银坑村祠堂(乡约),自然景观,西樵镇,4.1,False,49.6,中,82.0,0.0,100.0,0,0.0
基督教里水堂,自然景观,里水镇,4.1,False,49.6,中,82.0,0.0,100.0,0,0.0
观音古庙,自然景观,西樵镇,4.1,False,49.6,中,82.0,0.0,100.0,0,0.0
大藤水岸公园,自然景观,狮山镇,4.1,False,49.6,中,82.0,0.0,100.0,0,0.0
大石古庙公园,自然景观,里水镇,4.1,False,49.6,中,82.0,0.0,100.0,0,0.0
百岁祠,自然景观,狮山镇,4.1,False,49.6,中,82.0,0.0,100.0,0,0.0
本立黄公祠,自然景观,狮山镇,4.1,False,49.6,中,82.0,0.0,100.0,0,0.0
信峰公园,自然景观,里水镇,4.1,False,49.6,中,82.0,0.0,100.0,0,0.0
唐氏宗祠,自然景观,里水镇,4.1,False,49.6,中,82.0,0.0,100.0,0,0.0
九江镇望海观音寺(不对外开放),自然景观,九江镇,4.1,False,49.6,中,82.0,0.0,100.0,0,0.0
十四世周公祠,自然景观,大沥镇,4.1,False,49.6,中,82.0,0.0,100.0,0,0.0
甘蕉公园,自然景观,里水镇,4.1,False,49.6,中,82.0,0.0,100.0,0,0.0
唐氏大宗祠,自然景观,里水镇,4.1,False,49.6,中,82.0,0.0,100.0,0,0.0
程氏大宗祠,自然景观,西樵镇,4.1,False,49.6,中,82.0,0.0,100.0,0,0.0
灵王古庙,自然景观,狮山镇,4.1,False,49.6,中,82.0,0.0,100.0,0,0.0
华光庙广场,自然景观,里水镇,4.1,False,49.6,中,82.0,0.0,100.0,0,0.0
环四社址,自然景观,桂城街道,4.1,False,49.6,中,82.0,0.0,100.0,0,0.0
灯湖市政公园,自然景观,桂城街道,4.1,False,49.6,中,82.0,0.0,100.0,0,0.0
三山森林公园2期,自然景观,桂城街道,4.1,False,49.6,中,82.0,0.0,100.0,0,0.0
文翰湖公园三期,自然景观,桂城街道,4.1,False,49.6,中,82.0,0.0,100.0,0,0.0
佛山南海金融公园,自然景观,桂城街道,4.1,False,49.6,中,82.0,0.0,100.0,0,0.0
沙口公园,自然景观,九江镇,4.1,False,49.6,中,82.0,0.0,100.0,0,0.0
状元公园,自然景观,狮山镇,4.1,False,49.6,中,82.0,0.0,100.0,0,0.0
草暖公园,自然景观,大沥镇,4.1,False,49.6,中,82.0,0.0,100.0,0,0.0
探花公园,自然景观,九江镇,4.1,False,49.6,中,82.0,0.0,100.0,0,0.0
和顺文体公园,自然景观,里水镇,4.1,False,49.6,中,82.0,0.0,100.0,0,0.0
荷香园,自然景观,里水镇,4.1,False,49.6,中,82.0,0.0,100.0,0,0.0
大沥镇体育休闲公园,自然景观,大沥镇,4.1,False,49.6,中,82.0,0.0,100.0,0,0.0
罗田公园,自然景观,大沥镇,4.1,False,49.6,中,82.0,0.0,100.0,0,0.0
清风亭,自然景观,桂城街道,4.1,False,49.6,中,82.0,0.0,100.0,0,0.0
妙音水月宫,自然景观,桂城街道,4.1,False,49.6,中,82.0,0.0,100.0,0,0.0
福德祠,自然景观,里水镇,4.1,False,49.6,中,82.0,0.0,100.0,0,0.0
西溪张公祠,自然景观,大沥镇,4.1,False,49.6,中,82.0,0.0,100.0,0,0.0
康有为博物馆,文化场馆,丹灶镇,4.1,False,49.6,中,82.0,0.0,100.0,0,0.0
MOSA梦所睡眠文化博物馆,文化场馆,里水镇,4.1,False,49.6,中,82.0,0.0,100.0,0,0.0
罗村印象馆,文化场馆,狮山镇,4.1,False,49.6,中,82.0,0.0,100.0,0,0.0
石景宜博士博物馆,文化场馆,西樵镇,4.1,False,49.6,中,82.0,0.0,100.0,0,0.0
玄憬龙博物馆(暂停开放),文化场馆,九江镇,4.1,False,49.6,中,82.0,0.0,100.0,0,0.0
大沥革命展示馆,文化场馆,大沥镇,4.1,False,49.6,中,82.0,0.0,100.0,0,0.0
佛山自觉艺术馆,自然景观,桂城街道,4.1,False,49.6,中,82.0,0.0,100.0,0,0.0
静心谷钓鱼场,体育设施,狮山镇,4.1,False,49.6,中,82.0,0.0,100.0,0,0.0
神草传奇(非遗头疗植物养发馆),非遗体验,狮山镇,4.1,False,49.6,中,82.0,0.0,100.0,0,0.0
牛牛西厨(大沥永旺梦乐城店),其他,大沥镇,4.1,False,49.6,中,82.0,0.0,100.0,0,0.0
煲仔正·老广州煲仔饭(永旺梦乐城店),其他,大沥镇,4.1,False,49.6,中,82.0,0.0,100.0,0,0.0
松辰堂沙疗养生馆(狮山长华店),自然景观,狮山镇,4.1,False,49.6,中,82.0,0.0,100.0,0,0.0
煲仔正·老广州煲仔饭(佛山金铂中心店),自然景观,桂城街道,4.1,False,49.6,中,82.0,0.0,100.0,0,0.0
煲仔正·老广州煲仔饭(佛山南海黄岐店),自然景观,大沥镇,4.1,False,49.6,中,82.0,0.0,100.0,0,0.0
邵边邵氏大宗祠,自然景观,里水镇,4.1,False,49.6,中,82.0,0.0,100.0,0,0.0
邝氏大宗祠,自然景观,狮山镇,4.1,False,49.6,中,82.0,0.0,100.0,0,0.0
财神庙,自然景观,大沥镇,4.1,False,49.6,中,82.0,0.0,100.0,0,0.0
东约古庙,自然景观,桂城街道,4.1,False,49.6,中,82.0,0.0,100.0,0,0.0
平洲法源寺,自然景观,桂城街道,4.1,False,49.6,中,82.0,0.0,100.0,0,0.0
陈启沅纪念馆,自然景观,西樵镇,4.1,False,49.6,中,82.0,0.0,100.0,0,0.0
正皓茶品牌文化馆,文化场馆,大沥镇,4.1,False,49.6,中,82.0,0.0,100.0,0,0.0
赤焰泰拳俱乐部,体育设施,大沥镇,4.1,False,49.6,中,82.0,0.0,100.0,0,0.0
TRIBE部落格斗健身工作室(丽致汇广场店),公园绿地,桂城街道,4.1,False,49.6,中,82.0,0.0,100.0,0,0.0
新精武极一功夫会馆(南海校区),体育设施,大沥镇,4.1,False,49.6,中,82.0,0.0,100.0,0,0.0
一尊格斗,体育设施,西樵镇,4.1,False,49.6,中,82.0,0.0,100.0,0,0.0
胜林格斗俱乐部(沙田中心2期店),体育设施,里水镇,4.1,False,49.6,中,82.0,0.0,100.0,0,0.0
柔侠,体育设施,大沥镇,4.1,False,49.6,中,82.0,0.0,100.0,0,0.0
黄岐发景跆拳道培训中心,体育设施,大沥镇,4.1,False,49.6,中,82.0,0.0,100.0,0,0.0
广东省精武会大沥杏花武馆,其他,大沥镇,4.1,False,49.6,中,82.0,0.0,100.0,0,0.0
鹏博功夫馆,体育设施,大沥镇,4.1,False,49.6,中,82.0,0.0,100.0,0,0.0
尚武龙搏击馆(长信银湾馆),体育设施,狮山镇,4.1,False,49.6,中,82.0,0.0,100.0,0,0.0
佛山市螳螂拳空翻特技培训基地,自然景观,桂城街道,4.1,False,49.6,中,82.0,0.0,100.0,0,0.0
圣力搏击俱乐部,体育设施,九江镇,4.1,False,49.6,中,82.0,0.0,100.0,0,0.0
佛山市源武星创跆拳道,自然景观,桂城街道,4.1,False,49.6,中,82.0,0.0,100.0,0,0.0
莳安书院,其他,桂城街道,4.1,False,49.6,中,82.0,0.0,100.0,0,0.0
道能书院,其他,桂城街道,4.1,False,49.6,中,82.0,0.0,100.0,0,0.0
忆善书院(大德分院),其他,西樵镇,4.1,False,49.6,中,82.0,0.0,100.0,0,0.0
中央电视台南海影视城-城墙城门楼,自然景观,大沥镇,4.1,False,49.6,中,82.0,0.0,100.0,0,0.0
古山黄公祠,自然景观,大沥镇,4.1,False,49.6,中,82.0,0.0,100.0,0,0.0
大德社区活动公园,自然景观,桂城街道,4.0,False,49.0,中,80.0,0.0,100.0,0,0.0
真成周公祠,自然景观,里水镇,4.0,False,49.0,中,80.0,0.0,100.0,0,0.0
慕道马公祠,自然景观,里水镇,4.0,False,49.0,中,80.0,0.0,100.0,0,0.0
芦溪公园,自然景观,狮山镇,4.0,False,49.0,中,80.0,0.0,100.0,0,0.0
善薮吴公祠,自然景观,里水镇,4.0,False,49.0,中,80.0,0.0,100.0,0,0.0
宝莲寺,自然景观,西樵镇,4.0,False,49.0,中,80.0,0.0,100.0,0,0.0
天南圣裔,自然景观,大沥镇,4.0,False,49.0,中,80.0,0.0,100.0,0,0.0
元冈古庙,自然景观,大沥镇,4.0,False,49.0,中,80.0,0.0,100.0,0,0.0
南庄张公祠,自然景观,大沥镇,4.0,False,49.0,中,80.0,0.0,100.0,0,0.0
江美麦氏宗祠,自然景观,狮山镇,4.0,False,49.0,中,80.0,0.0,100.0,0,0.0
上街公园,自然景观,大沥镇,4.0,False,49.0,中,80.0,0.0,100.0,0,0.0
观荣何公祠,自然景观,狮山镇,4.0,False,49.0,中,80.0,0.0,100.0,0,0.0
莫氏宗祠,自然景观,丹灶镇,4.0,False,49.0,中,80.0,0.0,100.0,0,0.0
宣抚使梁公祠,自然景观,桂城街道,4.0,False,49.0,中,80.0,0.0,100.0,0,0.0
石碣朗枝岗健身公园,自然景观,大沥镇,4.0,False,49.0,中,80.0,0.0,100.0,0,0.0
莲园,自然景观,大沥镇,4.0,False,49.0,中,80.0,0.0,100.0,0,0.0
雪松刘公祠,自然景观,里水镇,4.0,False,49.0,中,80.0,0.0,100.0,0,0.0
月川高公祠,自然景观,丹灶镇,4.0,False,49.0,中,80.0,0.0,100.0,0,0.0
泌冲社区群众文化广场,自然景观,大沥镇,4.0,False,49.0,中,80.0,0.0,100.0,0,0.0
迎宾广场,自然景观,西樵镇,4.0,False,49.0,中,80.0,0.0,100.0,0,0.0
贵州孔公祠,自然景观,大沥镇,4.0,False,49.0,中,80.0,0.0,100.0,0,0.0
岑氏宗祠,自然景观,西樵镇,4.0,False,49.0,中,80.0,0.0,100.0,0,0.0
东山麦公祠,自然景观,大沥镇,4.0,False,49.0,中,80.0,0.0,100.0,0,0.0
茶花园,自然景观,西樵镇,4.0,False,49.0,中,80.0,0.0,100.0,0,0.0
罗村文化公园,自然景观,狮山镇,4.0,False,49.0,中,80.0,0.0,100.0,0,0.0
康乐公园,自然景观,大沥镇,4.0,False,49.0,中,80.0,0.0,100.0,0,0.0
怡翠公园,自然景观,桂城街道,4.0,False,49.0,中,80.0,0.0,100.0,0,0.0
海景森林公园,自然景观,狮山镇,4.0,False,49.0,中,80.0,0.0,100.0,0,0.0
和顺公园,自然景观,里水镇,4.0,False,49.0,中,80.0,0.0,100.0,0,0.0
海逸社区公园,自然景观,桂城街道,4.0,False,49.0,中,80.0,0.0,100.0,0,0.0
红棉公园,自然景观,丹灶镇,4.0,False,49.0,中,80.0,0.0,100.0,0,0.0
伯奇公园,自然景观,大沥镇,4.0,False,49.0,中,80.0,0.0,100.0,0,0.0
吕村公园,自然景观,大沥镇,4.0,False,49.0,中,80.0,0.0,100.0,0,0.0
乐城公园,自然景观,狮山镇,4.0,False,49.0,中,80.0,0.0,100.0,0,0.0
勉亭丁公祠,自然景观,狮山镇,4.0,False,49.0,中,80.0,0.0,100.0,0,0.0
南海神庙,自然景观,狮山镇,4.0,False,49.0,中,80.0,0.0,100.0,0,0.0
谢氏大宗祠,自然景观,大沥镇,4.0,False,49.0,中,80.0,0.0,100.0,0,0.0
德深李公祠,自然景观,狮山镇,4.0,False,49.0,中,80.0,0.0,100.0,0,0.0
陈氏大宗祠,自然景观,里水镇,4.0,False,49.0,中,80.0,0.0,100.0,0,0.0
佛山市南海区基督教西樵堂,自然景观,西樵镇,4.0,False,49.0,中,80.0,0.0,100.0,0,0.0
古董老爷车博物馆,文化场馆,桂城街道,4.0,False,49.0,中,80.0,0.0,100.0,0,0.0
木必居古典艺术馆,文化场馆,桂城街道,4.0,False,49.0,中,80.0,0.0,100.0,0,0.0
佛山南海区里水镇收藏馆,自然景观,里水镇,4.0,False,49.0,中,80.0,0.0,100.0,0,0.0
钧灏艺术馆,文化场馆,狮山镇,4.0,False,49.0,中,80.0,0.0,100.0,0,0.0
佛山市南海区枫丹美术馆,自然景观,大沥镇,4.0,False,49.0,中,80.0,0.0,100.0,0,0.0
云涧瑜艺非遗手作体验馆,非遗体验,桂城街道,4.0,False,49.0,中,80.0,0.0,100.0,0,0.0
化州非遗隔水蒸鸡捞粉,非遗体验,西樵镇,4.0,False,49.0,中,80.0,0.0,100.0,0,0.0
龙游古村,自然景观,九江镇,4.0,False,49.0,中,80.0,0.0,100.0,0,0.0
高氏大宗祠,其他,里水镇,4.0,False,49.0,中,80.0,0.0,100.0,0,0.0
烟南南水村吴氏宗祠,其他,西樵镇,4.0,False,49.0,中,80.0,0.0,100.0,0,0.0
陈边宗祠,自然景观,狮山镇,4.0,False,49.0,中,80.0,0.0,100.0,0,0.0
王氏宗祠,自然景观,里水镇,4.0,False,49.0,中,80.0,0.0,100.0,0,0.0
田心祖庙,自然景观,西樵镇,4.0,False,49.0,中,80.0,0.0,100.0,0,0.0
侯王古庙,自然景观,西樵镇,4.0,False,49.0,中,80.0,0.0,100.0,0,0.0
凤山古庙,自然景观,狮山镇,4.0,False,49.0,中,80.0,0.0,100.0,0,0.0
三忠古庙,自然景观,狮山镇,4.0,False,49.0,中,80.0,0.0,100.0,0,0.0
相公祖庙,自然景观,狮山镇,4.0,False,49.0,中,80.0,0.0,100.0,0,0.0
列圣古庙,自然景观,里水镇,4.0,False,49.0,中,80.0,0.0,100.0,0,0.0
甘露庵,自然景观,桂城街道,4.0,False,49.0,中,80.0,0.0,100.0,0,0.0
真武古庙,自然景观,大沥镇,4.0,False,49.0,中,80.0,0.0,100.0,0,0.0
少林寺,自然景观,西樵镇,4.0,False,49.0,中,80.0,0.0,100.0,0,0.0
朱九江纪念公园,自然景观,九江镇,4.0,False,49.0,中,80.0,0.0,100.0,0,0.0
金沙洲格斗公园·蜘蛛巴柔,自然景观,里水镇,4.0,False,49.0,中,80.0,0.0,100.0,0,0.0
中泰搏击训练营(万利广场店),公园绿地,里水镇,4.0,False,49.0,中,80.0,0.0,100.0,0,0.0
尚礼跆拳道(悦汇广场·南海A区店),公园绿地,桂城街道,4.0,False,49.0,中,80.0,0.0,100.0,0,0.0
龙飞散打搏击俱乐部,体育设施,里水镇,4.0,False,49.0,中,80.0,0.0,100.0,0,0.0
蓝盾格斗俱乐部,体育设施,里水镇,4.0,False,49.0,中,80.0,0.0,100.0,0,0.0
九江振兴武术馆(植槐里办事处),非遗体验,九江镇,4.0,False,49.0,中,80.0,0.0,100.0,0,0.0
ONE MORE,体育设施,桂城街道,4.0,False,49.0,中,80.0,0.0,100.0,0,0.0
张氏内家拳功夫馆(海印桂闲城店),体育设施,桂城街道,4.0,False,49.0,中,80.0,0.0,100.0,0,0.0
聚贤堂第六训练基地(关西一街),其他,桂城街道,4.0,False,49.0,中,80.0,0.0,100.0,0,0.0
腾龙禅武门佛山总部,自然景观,丹灶镇,4.0,False,49.0,中,80.0,0.0,100.0,0,0.0
云龙武术馆(松岗商业广场店),非遗体验,大沥镇,4.0,False,49.0,中,80.0,0.0,100.0,0,0.0
尚俊跆拳道馆,体育设施,里水镇,4.0,False,49.0,中,80.0,0.0,100.0,0,0.0
东晟永春拳文武馆,体育设施,西樵镇,4.0,False,49.0,中,80.0,0.0,100.0,0,0.0
知了书院,其他,大沥镇,4.0,False,49.0,中,80.0,0.0,100.0,0,0.0
鹄志书院,其他,狮山镇,4.0,False,49.0,中,80.0,0.0,100.0,0,0.0
三和书院,其他,里水镇,4.0,False,49.0,中,80.0,0.0,100.0,0,0.0
日月书院(金沙洲金铂天地店),其他,里水镇,4.0,False,49.0,中,80.0,0.0,100.0,0,0.0
悦学书院(桐林美苑校区),其他,里水镇,4.0,False,49.0,中,80.0,0.0,100.0,0,0.0
西樵如是书院,其他,西樵镇,4.0,False,49.0,中,80.0,0.0,100.0,0,0.0
儒能书院,其他,桂城街道,4.0,False,49.0,中,80.0,0.0,100.0,0,0.0
智德书院,其他,桂城街道,4.0,False,49.0,中,80.0,0.0,100.0,0,0.0
麦边非遗传承龙狮训练基地停车场,非遗体验,里水镇,0,True,42.5,低,60.0,0.0,50,60,0.0
佛山鸿运舞狮醒狮团队,自然景观,大沥镇,0,True,42.5,低,60.0,0.0,50,60,0.0
兴贤醒狮武术协会,其他,大沥镇,0,True,42.5,低,60.0,0.0,50,60,0.0
泌冲传承醒狮武会,其他,里水镇,0,True,42.5,低,60.0,0.0,50,60,0.0
罗村下罗沙体育协会醒狮队,体育设施,丹灶镇,0,True,42.5,低,60.0,0.0,50,60,0.0
龙舟凯旋码头,其他,大沥镇,0,True,42.5,低,60.0,0.0,50,60,0.0
石溪龙舟会,其他,桂城街道,0,True,42.5,低,60.0,0.0,50,60,0.0
南海圣堂龙舟基地,其他,里水镇,0,True,42.5,低,60.0,0.0,50,60,0.0
刘氏大宗祠,自然景观,狮山镇,4.1,False,40.1,低,78.0,0.0,66.7,0,0.0
刘氏大宗祠,自然景观,狮山镇,3.6,False,40.1,低,78.0,0.0,66.7,0,0.0
刘氏大宗祠,自然景观,丹灶镇,4.0,False,40.1,低,78.0,0.0,66.7,0,0.0
随墨书院,其他,桂城街道,4.2,False,36.8,低,81.0,0.0,50.0,0,0.0
随墨书院,其他,桂城街道,3.9,False,36.8,低,81.0,0.0,50.0,0,0.0
潘氏宗祠,自然景观,里水镇,4.1,False,36.5,低,80.0,0.0,50.0,0,0.0
孙氏宗祠,自然景观,狮山镇,4.2,False,36.5,低,80.0,0.0,50.0,0,0.0
孙氏宗祠,自然景观,大沥镇,3.8,False,36.5,低,80.0,0.0,50.0,0,0.0
潘氏宗祠,自然景观,大沥镇,3.9,False,36.5,低,80.0,0.0,50.0,0,0.0
文武庙,自然景观,丹灶镇,3.5,False,35.9,低,78.0,0.0,50.0,0,0.0
文武庙,自然景观,狮山镇,4.3,False,35.9,低,78.0,0.0,50.0,0,0.0
大沥镇联安武术龙狮龙舟训练基地,体育设施,大沥镇,3.3,True,35.8,低,66.0,0.0,0.0,80,0.0
郭氏宗祠,自然景观,大沥镇,4.1,False,35.6,低,77.0,0.0,50.0,0,0.0
郭氏宗祠,自然景观,里水镇,3.6,False,35.6,低,77.0,0.0,50.0,0,0.0
麦边非遗传承龙狮训练基地,非遗体验,里水镇,3.9,True,35.4,低,78.0,0.0,0.0,60,0.0
三甲龙舟基地,体育设施,狮山镇,3.9,True,35.4,低,78.0,0.0,0.0,60,0.0
东秀高村龙舟训练基地,其他,里水镇,3.9,True,35.4,低,78.0,0.0,0.0,60,0.0
花海流潮龙舟训练基地,其他,里水镇,3.9,True,35.4,低,78.0,0.0,0.0,60,0.0
镇南龙舟训练基地,其他,西樵镇,3.9,True,35.4,低,78.0,0.0,0.0,60,0.0
桂城姚才姚祺咏春拳馆,体育设施,桂城街道,3.9,True,35.4,低,78.0,0.0,0.0,60,0.0
弘海咏春搏击俱乐部,体育设施,桂城街道,3.9,True,35.4,低,78.0,0.0,0.0,60,0.0
初心堂咏春馆,体育设施,丹灶镇,3.9,True,35.4,低,78.0,0.0,0.0,60,0.0
郭伟湛咏春拳术总会,其他,西樵镇,3.9,True,35.4,低,78.0,0.0,0.0,60,0.0
刘氏宗祠,自然景观,大沥镇,4.0,False,35.3,低,76.0,0.0,50.0,0,0.0
刘氏宗祠,其他,丹灶镇,3.6,False,35.3,低,76.0,0.0,50.0,0,0.0
龙成龙舟训练基地,其他,狮山镇,3.8,True,34.8,低,76.0,0.0,0.0,60,0.0
新桂村龙舟训练基地,其他,桂城街道,3.8,True,34.8,低,76.0,0.0,0.0,60,0.0
黄岐罗村龙舟训练基地,其他,大沥镇,3.8,True,34.8,低,76.0,0.0,0.0,60,0.0
西樵华星龙舟训练基地,其他,西樵镇,3.8,True,34.8,低,76.0,0.0,0.0,60,0.0
泗沥龙舟纪念碑,自然景观,大沥镇,3.7,True,34.2,低,74.0,0.0,0.0,60,0.0
狮兄醒狮美食,其他,桂城街道,3.7,True,34.2,低,74.0,0.0,0.0,60,0.0
璜矶龙舟广场,公园绿地,西樵镇,3.7,True,34.2,低,74.0,0.0,0.0,60,0.0
白沙龙舟训练基地,其他,里水镇,3.7,True,34.2,低,74.0,0.0,0.0,60,0.0
杏头龙舟基地,其他,西樵镇,3.7,True,34.2,低,74.0,0.0,0.0,60,0.0
东平龙舟训练基地,其他,丹灶镇,3.7,True,34.2,低,74.0,0.0,0.0,60,0.0
仁义咏春拳馆(礌岗公园分馆),自然景观,桂城街道,3.7,True,34.2,低,74.0,0.0,0.0,60,0.0
仁义咏春拳馆(佛山高新分馆),自然景观,桂城街道,3.7,True,34.2,低,74.0,0.0,0.0,60,0.0
西樵镇-醒狮之乡,自然景观,西樵镇,3.6,True,33.6,低,72.0,0.0,0.0,60,0.0
康维咏春武术馆,非遗体验,大沥镇,3.6,True,33.6,低,72.0,0.0,0.0,60,0.0
黄树华咏春拳馆,其他,桂城街道,3.6,True,33.6,低,72.0,0.0,0.0,60,0.0
佛山市七郎咏春拳馆,自然景观,狮山镇,3.6,True,33.6,低,72.0,0.0,0.0,60,0.0
咏春堂,体育设施,狮山镇,3.6,True,33.6,低,72.0,0.0,0.0,60,0.0
满祝龙舟训练基地,体育设施,丹灶镇,3.5,True,33.0,低,70.0,0.0,0.0,60,0.0
东联龙舟训练基地,其他,狮山镇,3.5,True,33.0,低,70.0,0.0,0.0,60,0.0
跳动大狮·醒狮园,体育设施,桂城街道,3.4,True,32.4,低,68.0,0.0,0.0,60,0.0
龙舟潮墟,体育设施,桂城街道,3.4,True,32.4,低,68.0,0.0,0.0,60,0.0
佛山市咏春拳协会,自然景观,大沥镇,3.4,True,32.4,低,68.0,0.0,0.0,60,0.0
敦根水上龙舟乐园,自然景观,丹灶镇,3.3,True,31.8,低,66.0,0.0,0.0,60,0.0
南金龙舟训练基地,其他,丹灶镇,3.3,True,31.8,低,66.0,0.0,0.0,60,0.0
盐步龙涌龙舟训练基地,其他,大沥镇,3.3,True,31.8,低,66.0,0.0,0.0,60,0.0
西岸龙舟训练基地,其他,丹灶镇,3.3,True,31.8,低,66.0,0.0,0.0,60,0.0
新联龙舟训练基地,其他,狮山镇,3.3,True,31.8,低,66.0,0.0,0.0,60,0.0
佛山钲道咏春拳馆,自然景观,桂城街道,3.3,True,31.8,低,66.0,0.0,0.0,60,0.0
聚英散打咏春俱乐部,体育设施,桂城街道,3.3,True,31.8,低,66.0,0.0,0.0,60,0.0
国华咏春拳馆,体育设施,里水镇,3.3,True,31.8,低,66.0,0.0,0.0,60,0.0
观音庙,自然景观,桂城街道,3.9,False,31.5,低,77.4,0.0,33.3,0,0.0
观音庙,自然景观,西樵镇,4.0,False,31.5,低,77.4,0.0,33.3,0,0.0
观音庙,自然景观,九江镇,3.7,False,31.5,低,77.4,0.0,33.3,0,0.0
舞醒狮雕塑,自然景观,里水镇,3.2,True,31.2,低,64.0,0.0,0.0,60,0.0
永春拳馆武术龙狮协会,其他,大沥镇,3.2,True,31.2,低,64.0,0.0,0.0,60,0.0
广东省非物质文化遗产佛山咏春拳东二义咏堂,自然景观,桂城街道,3.1,True,30.6,低,62.0,0.0,0.0,60,0.0
上海村龙舟文化公园,自然景观,桂城街道,3.1,True,30.6,低,62.0,0.0,0.0,60,0.0
佛山西站南广场,自然景观,狮山镇,0,False,30.5,低,60.0,0.0,50,0,0.0
南海国际会议中心,其他,里水镇,0,False,30.5,低,60.0,0.0,50,0,0.0
涌口村会堂,其他,桂城街道,0,False,30.5,低,60.0,0.0,50,0,0.0
孔溪会堂,其他,桂城街道,0,False,30.5,低,60.0,0.0,50,0,0.0
西冯会堂,其他,狮山镇,0,False,30.5,低,60.0,0.0,50,0,0.0
广佛芯未来馆,其他,里水镇,0,False,30.5,低,60.0,0.0,50,0,0.0
大明宫玉石珠宝国际会展中心,其他,桂城街道,0,False,30.5,低,60.0,0.0,50,0,0.0
沈村人民会场,其他,里水镇,0,False,30.5,低,60.0,0.0,50,0,0.0
黄岐五金城会展中心,其他,大沥镇,0,False,30.5,低,60.0,0.0,50,0,0.0
东南会场,其他,狮山镇,0,False,30.5,低,60.0,0.0,50,0,0.0
南海迎宾馆-会议中心,其他,桂城街道,0,False,30.5,低,60.0,0.0,50,0,0.0
名都大酒店-会议室,其他,大沥镇,0,False,30.5,低,60.0,0.0,50,0,0.0
维也纳国际酒店(佛山南海和顺店)-会议室,自然景观,里水镇,0,False,30.5,低,60.0,0.0,50,0,0.0
南国桃园高球度假山庄国际会议中心,自然景观,大沥镇,0,False,30.5,低,60.0,0.0,50,0,0.0
威德利国际酒店会议中心,其他,里水镇,0,False,30.5,低,60.0,0.0,50,0,0.0
兴海天地会议厅,其他,里水镇,0,False,30.5,低,60.0,0.0,50,0,0.0
佛山市南海区图书馆,自然景观,桂城街道,0,False,30.5,低,60.0,0.0,50,0,0.0
灯湖小学,自然景观,桂城街道,0,False,30.5,低,60.0,0.0,50,0,0.0
南海区中医药图书馆(桂城·沁馆站),文化场馆,桂城街道,0,False,30.5,低,60.0,0.0,50,0,0.0
桂城图书馆,文化场馆,桂城街道,0,False,30.5,低,60.0,0.0,50,0,0.0
里水图书馆(梦汇尚城店),文化场馆,里水镇,0,False,30.5,低,60.0,0.0,50,0,0.0
狮山图书馆,自然景观,狮山镇,0,False,30.5,低,60.0,0.0,50,0,0.0
读书驿站(桂城南图站),文化场馆,桂城街道,0,False,30.5,低,60.0,0.0,50,0,0.0
广东轻工职业技术学院(南海校区北区)图书馆,文化场馆,狮山镇,0,False,30.5,低,60.0,0.0,50,0,0.0
读书驿站(桂城西约小学站),文化场馆,桂城街道,0,False,30.5,低,60.0,0.0,50,0,0.0
读书驿站(桂城千灯湖党群服务中心站),自然景观,桂城街道,0,False,30.5,低,60.0,0.0,50,0,0.0
读书驿站(桂城三鸣台站),文化场馆,桂城街道,0,False,30.5,低,60.0,0.0,50,0,0.0
华南师范大学(佛山校区南海校园)图书馆,自然景观,狮山镇,0,False,30.5,低,60.0,0.0,50,0,0.0
读书驿站(狮山白沙桥站),自然景观,狮山镇,0,False,30.5,低,60.0,0.0,50,0,0.0
罗村实验小学-罗村图书馆,文化场馆,狮山镇,0,False,30.5,低,60.0,0.0,50,0,0.0
读书驿站(桂城金融城站),文化场馆,桂城街道,0,False,30.5,低,60.0,0.0,50,0,0.0
南海区里水镇北大步图书馆,文化场馆,里水镇,0,False,30.5,低,60.0,0.0,50,0,0.0
读书驿站(桂城瀚天科技城站),文化场馆,桂城街道,0,False,30.5,低,60.0,0.0,50,0,0.0
读书驿站(桂城慧德站),文化场馆,桂城街道,0,False,30.5,低,60.0,0.0,50,0,0.0
读书驿站(桂城·翠颐社区站),文化场馆,桂城街道,0,False,30.5,低,60.0,0.0,50,0,0.0
读书驿站大沥大镇社区站,文化场馆,大沥镇,0,False,30.5,低,60.0,0.0,50,0,0.0
读书驿站(桂城花苑广场站),文化场馆,桂城街道,0,False,30.5,低,60.0,0.0,50,0,0.0
佛山大学仙溪校区北区图书馆,自然景观,狮山镇,0,False,30.5,低,60.0,0.0,50,0,0.0
读书驿站(大沥凤池社区站),文化场馆,大沥镇,0,False,30.5,低,60.0,0.0,50,0,0.0
读书驿站(狮山狮城站),自然景观,狮山镇,0,False,30.5,低,60.0,0.0,50,0,0.0
联星小学阅览室,文化场馆,狮山镇,0,False,30.5,低,60.0,0.0,50,0,0.0
骑行驿站(儒林书屋),文化场馆,里水镇,0,False,30.5,低,60.0,0.0,50,0,0.0
读书驿站(狮山罗北村站),自然景观,狮山镇,0,False,30.5,低,60.0,0.0,50,0,0.0
读书驿站(大沥联滘站),文化场馆,大沥镇,0,False,30.5,低,60.0,0.0,50,0,0.0
读书驿站(里水石塘站),文化场馆,里水镇,0,False,30.5,低,60.0,0.0,50,0,0.0
读书驿站(里水镇党群服务中心站),文化场馆,里水镇,0,False,30.5,低,60.0,0.0,50,0,0.0
金宁社区图书馆,文化场馆,丹灶镇,0,False,30.5,低,60.0,0.0,50,0,0.0
读书驿站(西樵社区站),文化场馆,西樵镇,0,False,30.5,低,60.0,0.0,50,0,0.0
读书驿站(狮山广佛新世界站),自然景观,狮山镇,0,False,30.5,低,60.0,0.0,50,0,0.0
广东东软学院图书馆,文化场馆,狮山镇,0,False,30.5,低,60.0,0.0,50,0,0.0
读书驿站(丹灶目闻阅野集站),文化场馆,丹灶镇,0,False,30.5,低,60.0,0.0,50,0,0.0
读书驿站(丹灶文化广场站),文化场馆,丹灶镇,0,False,30.5,低,60.0,0.0,50,0,0.0
读书驿站(狮山石澎站),自然景观,狮山镇,0,False,30.5,低,60.0,0.0,50,0,0.0
读书驿站(大沥横江站),文化场馆,大沥镇,0,False,30.5,低,60.0,0.0,50,0,0.0
读书驿站(里水合生君景湾站),文化场馆,里水镇,0,False,30.5,低,60.0,0.0,50,0,0.0
月光读行社(桂城图书馆服务点),文化场馆,桂城街道,0,False,30.5,低,60.0,0.0,50,0,0.0
读书驿站(狮山官窑社区站),自然景观,狮山镇,0,False,30.5,低,60.0,0.0,50,0,0.0
读书驿站(大沥太平一览站),文化场馆,大沥镇,0,False,30.5,低,60.0,0.0,50,0,0.0
读书驿站(西樵百西社区站),文化场馆,西樵镇,0,False,30.5,低,60.0,0.0,50,0,0.0
广东环境保护工程职业学院图书馆,文化场馆,丹灶镇,0,False,30.5,低,60.0,0.0,50,0,0.0
读书驿站(丹灶金宁社区),文化场馆,丹灶镇,0,False,30.5,低,60.0,0.0,50,0,0.0
读书驿站(里水小学站),文化场馆,里水镇,0,False,30.5,低,60.0,0.0,50,0,0.0
读书驿站(大沥沥兴社区站),文化场馆,大沥镇,0,False,30.5,低,60.0,0.0,50,0,0.0
读书驿站(里水建星站),文化场馆,里水镇,0,False,30.5,低,60.0,0.0,50,0,0.0
读书驿站(桂城夏南小学站),文化场馆,桂城街道,0,False,30.5,低,60.0,0.0,50,0,0.0
读书驿站(狮山陈洞站),自然景观,狮山镇,0,False,30.5,低,60.0,0.0,50,0,0.0
读书驿站,文化场馆,里水镇,0,False,30.5,低,60.0,0.0,50,0,0.0
读书驿站(穆院站),文化场馆,狮山镇,0,False,30.5,低,60.0,0.0,50,0,0.0
读书驿站(狮山塘中站),自然景观,狮山镇,0,False,30.5,低,60.0,0.0,50,0,0.0
读书驿站(里水贤僚站),文化场馆,里水镇,0,False,30.5,低,60.0,0.0,50,0,0.0
读书驿站(西樵七星站),文化场馆,西樵镇,0,False,30.5,低,60.0,0.0,50,0,0.0
读书驿站(九江海寿岛站),自然景观,九江镇,0,False,30.5,低,60.0,0.0,50,0,0.0
读书驿站(狮山石泉站),自然景观,狮山镇,0,False,30.5,低,60.0,0.0,50,0,0.0
勒东图书馆,文化场馆,大沥镇,0,False,30.5,低,60.0,0.0,50,0,0.0
招大社区读书驿站,文化场馆,狮山镇,0,False,30.5,低,60.0,0.0,50,0,0.0
读书驿站(狮山东湖林语站),自然景观,狮山镇,0,False,30.5,低,60.0,0.0,50,0,0.0
读书驿站(狮山石碣小学站),自然景观,狮山镇,0,False,30.5,低,60.0,0.0,50,0,0.0
读书驿站(大沥直街社区站),文化场馆,大沥镇,0,False,30.5,低,60.0,0.0,50,0,0.0
读书驿站(桂城中海锦城国际花园站),文化场馆,桂城街道,0,False,30.5,低,60.0,0.0,50,0,0.0
读书驿站(里水共同站),文化场馆,里水镇,0,False,30.5,低,60.0,0.0,50,0,0.0
九江自助图书馆(儒林东路)(暂停营业),文化场馆,九江镇,0,False,30.5,低,60.0,0.0,50,0,0.0
读书驿站(西樵登山大道站),自然景观,西樵镇,0,False,30.5,低,60.0,0.0,50,0,0.0
罗村镇上柏村益智图书室,文化场馆,狮山镇,0,False,30.5,低,60.0,0.0,50,0,0.0
读书驿站(狮山联星站),自然景观,狮山镇,0,False,30.5,低,60.0,0.0,50,0,0.0
读书驿站(里水流潮社区站),文化场馆,里水镇,0,False,30.5,低,60.0,0.0,50,0,0.0
读书驿站(大沥岐城社区站),文化场馆,大沥镇,0,False,30.5,低,60.0,0.0,50,0,0.0
读书驿站(大沥沥桂站),文化场馆,大沥镇,0,False,30.5,低,60.0,0.0,50,0,0.0
读书驿站(里水金溪站),文化场馆,里水镇,0,False,30.5,低,60.0,0.0,50,0,0.0
读书驿站(桂城东二小学站),文化场馆,桂城街道,0,False,30.5,低,60.0,0.0,50,0,0.0
读书驿站(里水得胜站),文化场馆,里水镇,0,False,30.5,低,60.0,0.0,50,0,0.0
读书驿站(狮山官窑汇利广场站),自然景观,狮山镇,0,False,30.5,低,60.0,0.0,50,0,0.0
读书驿站(大沥岐阳社区站),文化场馆,大沥镇,0,False,30.5,低,60.0,0.0,50,0,0.0
读书驿站(大沥平地社区站),文化场馆,大沥镇,0,False,30.5,低,60.0,0.0,50,0,0.0
读书驿站(大沥泌冲站),文化场馆,大沥镇,0,False,30.5,低,60.0,0.0,50,0,0.0
读书驿站(九江儒林社区站),文化场馆,九江镇,0,False,30.5,低,60.0,0.0,50,0,0.0
读书驿站(大石社区站),文化场馆,里水镇,0,False,30.5,低,60.0,0.0,50,0,0.0
读书驿站(狮山·孝德湖站),自然景观,狮山镇,0,False,30.5,低,60.0,0.0,50,0,0.0
读书驿站(里水恒大金名都站),文化场馆,里水镇,0,False,30.5,低,60.0,0.0,50,0,0.0
读书驿站(大沥黄岐文化广场站),文化场馆,大沥镇,0,False,30.5,低,60.0,0.0,50,0,0.0
读书驿站(大沥黄岐社区站),文化场馆,大沥镇,0,False,30.5,低,60.0,0.0,50,0,0.0
读书驿站(西樵太平社区站),文化场馆,西樵镇,0,False,30.5,低,60.0,0.0,50,0,0.0
读书驿站(西樵樵乐社区站),文化场馆,西樵镇,0,False,30.5,低,60.0,0.0,50,0,0.0
读书驿站(大沥嘉怡社区站),文化场馆,大沥镇,0,False,30.5,低,60.0,0.0,50,0,0.0
读书驿站(狮山联表小学站),自然景观,狮山镇,0,False,30.5,低,60.0,0.0,50,0,0.0
读书驿站(狮山官窑中心小学站),自然景观,狮山镇,0,False,30.5,低,60.0,0.0,50,0,0.0
青少宫翰林宫自助图书馆,文化场馆,丹灶镇,0,False,30.5,低,60.0,0.0,50,0,0.0
读书驿站(西樵文化中心站)(暂停营业),文化场馆,西樵镇,0,False,30.5,低,60.0,0.0,50,0,0.0
读书驿站(里水宏岗站),文化场馆,里水镇,0,False,30.5,低,60.0,0.0,50,0,0.0
读书驿站(西樵河岗社区站),文化场馆,西樵镇,0,False,30.5,低,60.0,0.0,50,0,0.0
南海图书馆·阅读坊菁英成长中心,文化场馆,桂城街道,0,False,30.5,低,60.0,0.0,50,0,0.0
读书驿站(桂城万科金色家园站),文化场馆,桂城街道,0,False,30.5,低,60.0,0.0,50,0,0.0
南海档案史志图书馆,文化场馆,桂城街道,0,False,30.5,低,60.0,0.0,50,0,0.0
读书驿站(九江中心小学站),文化场馆,九江镇,0,False,30.5,低,60.0,0.0,50,0,0.0
读书驿站(桂城平南小学站),文化场馆,桂城街道,0,False,30.5,低,60.0,0.0,50,0,0.0
读书驿站(桂城沁馆站),文化场馆,桂城街道,0,False,30.5,低,60.0,0.0,50,0,0.0
读书驿站(九江镇南村站),文化场馆,九江镇,0,False,30.5,低,60.0,0.0,50,0,0.0
读书驿站(大沥白沙社区站),文化场馆,大沥镇,0,False,30.5,低,60.0,0.0,50,0,0.0
读书驿站(桂城党校站),文化场馆,桂城街道,0,False,30.5,低,60.0,0.0,50,0,0.0
读书驿站(桂城三山港小学站),自然景观,桂城街道,0,False,30.5,低,60.0,0.0,50,0,0.0
读书驿站(狮山新和站),自然景观,狮山镇,0,False,30.5,低,60.0,0.0,50,0,0.0
读书驿站(中建广场店),文化场馆,桂城街道,0,False,30.5,低,60.0,0.0,50,0,0.0
读书驿站(大沥河西站),文化场馆,大沥镇,0,False,30.5,低,60.0,0.0,50,0,0.0
读书驿站(桂城叠滘小学站),文化场馆,桂城街道,0,False,30.5,低,60.0,0.0,50,0,0.0
读书驿站(桂城颐景园站),文化场馆,桂城街道,0,False,30.5,低,60.0,0.0,50,0,0.0
读书驿站(九江下北社区站),文化场馆,九江镇,0,False,30.5,低,60.0,0.0,50,0,0.0
读书驿站(西樵爱国社区站),文化场馆,西樵镇,0,False,30.5,低,60.0,0.0,50,0,0.0
读书驿站(狮山松岗行政服务中心站),自然景观,狮山镇,0,False,30.5,低,60.0,0.0,50,0,0.0
读书驿站(西樵樵晖新城站),文化场馆,西樵镇,0,False,30.5,低,60.0,0.0,50,0,0.0
读书驿站(里水新联站),文化场馆,里水镇,0,False,30.5,低,60.0,0.0,50,0,0.0
读书驿站(狮山芦塘社区站),自然景观,狮山镇,0,False,30.5,低,60.0,0.0,50,0,0.0
广东轻工职业技术大学(南海校区北区),其他,狮山镇,0,False,30.5,低,60.0,0.0,50,0,0.0
桂城中学,其他,桂城街道,0,False,30.5,低,60.0,0.0,50,0,0.0
石门中学,其他,大沥镇,0,False,30.5,低,60.0,0.0,50,0,0.0
佛山大学仙溪校区,自然景观,狮山镇,0,False,30.5,低,60.0,0.0,50,0,0.0
华南师范大学佛山校区南海校园,自然景观,狮山镇,0,False,30.5,低,60.0,0.0,50,0,0.0
金石实验中学,其他,狮山镇,0,False,30.5,低,60.0,0.0,50,0,0.0
南海九江中学,其他,九江镇,0,False,30.5,低,60.0,0.0,50,0,0.0
广东东软学院,其他,狮山镇,0,False,30.5,低,60.0,0.0,50,0,0.0
广东环境保护工程职业学院,其他,丹灶镇,0,False,30.5,低,60.0,0.0,50,0,0.0
南海中学,其他,西樵镇,0,False,30.5,低,60.0,0.0,50,0,0.0
南海外国语高级中学,其他,桂城街道,0,False,30.5,低,60.0,0.0,50,0,0.0
佛山大学(仙溪校区北区),自然景观,狮山镇,0,False,30.5,低,60.0,0.0,50,0,0.0
广东艺术职业学院,其他,大沥镇,0,False,30.5,低,60.0,0.0,50,0,0.0
南海第一中学,其他,桂城街道,0,False,30.5,低,60.0,0.0,50,0,0.0
石门高级中学,其他,狮山镇,0,False,30.5,低,60.0,0.0,50,0,0.0
华南师范大学附属中学南海实验高级中学,其他,桂城街道,0,False,30.5,低,60.0,0.0,50,0,0.0
南海实验学校,其他,丹灶镇,0,False,30.5,低,60.0,0.0,50,0,0.0
盐步中学,其他,大沥镇,0,False,30.5,低,60.0,0.0,50,0,0.0
南海艺术高级中学,其他,桂城街道,0,False,30.5,低,60.0,0.0,50,0,0.0
南海实验中学,其他,桂城街道,0,False,30.5,低,60.0,0.0,50,0,0.0
南海双语实验学校,其他,里水镇,0,False,30.5,低,60.0,0.0,50,0,0.0
平洲二中,其他,桂城街道,0,False,30.5,低,60.0,0.0,50,0,0.0
瀚文外国语学校,其他,桂城街道,0,False,30.5,低,60.0,0.0,50,0,0.0
南海区西樵高级中学,其他,西樵镇,0,False,30.5,低,60.0,0.0,50,0,0.0
罗村高级中学,其他,狮山镇,0,False,30.5,低,60.0,0.0,50,0,0.0
石𬒔中学,其他,桂城街道,0,False,30.5,低,60.0,0.0,50,0,0.0
佛山市超盈实验中学,自然景观,狮山镇,0,False,30.5,低,60.0,0.0,50,0,0.0
罗村一中,其他,大沥镇,0,False,30.5,低,60.0,0.0,50,0,0.0
海三路小学,其他,桂城街道,0,False,30.5,低,60.0,0.0,50,0,0.0
南海区石英实验学校,其他,里水镇,0,False,30.5,低,60.0,0.0,50,0,0.0
南执高级中学,其他,丹灶镇,0,False,30.5,低,60.0,0.0,50,0,0.0
狮山高级中学,自然景观,狮山镇,0,False,30.5,低,60.0,0.0,50,0,0.0
桂华中学,其他,桂城街道,0,False,30.5,低,60.0,0.0,50,0,0.0
广东职业技术学院(南海校区),其他,狮山镇,0,False,30.5,低,60.0,0.0,50,0,0.0
佛山市南山湖实验中学,自然景观,狮山镇,0,False,30.5,低,60.0,0.0,50,0,0.0
佛山市南海科学高中,自然景观,里水镇,0,False,30.5,低,60.0,0.0,50,0,0.0
大沥高级中学,其他,大沥镇,0,False,30.5,低,60.0,0.0,50,0,0.0
灯湖中学,自然景观,桂城街道,0,False,30.5,低,60.0,0.0,50,0,0.0
丹灶中学,其他,丹灶镇,0,False,30.5,低,60.0,0.0,50,0,0.0
佛山市人民警察训练学校,自然景观,大沥镇,0,False,30.5,低,60.0,0.0,50,0,0.0
大沥中学,其他,大沥镇,0,False,30.5,低,60.0,0.0,50,0,0.0
白沙小学,其他,大沥镇,0,False,30.5,低,60.0,0.0,50,0,0.0
狮山实验学校,自然景观,狮山镇,0,False,30.5,低,60.0,0.0,50,0,0.0
石小实验学校,其他,狮山镇,0,False,30.5,低,60.0,0.0,50,0,0.0
平地小学,其他,大沥镇,0,False,30.5,低,60.0,0.0,50,0,0.0
佛山市听音湖实验中学(高中),自然景观,西樵镇,0,False,30.5,低,60.0,0.0,50,0,0.0
里水小学,其他,里水镇,0,False,30.5,低,60.0,0.0,50,0,0.0
佛山市南海区桂城东翔学校,自然景观,桂城街道,0,False,30.5,低,60.0,0.0,50,0,0.0
桂江小学,其他,桂城街道,0,False,30.5,低,60.0,0.0,50,0,0.0
和顺一中,其他,里水镇,0,False,30.5,低,60.0,0.0,50,0,0.0
南海中学分校,其他,九江镇,0,False,30.5,低,60.0,0.0,50,0,0.0
罗村二中,其他,狮山镇,0,False,30.5,低,60.0,0.0,50,0,0.0
广石实验学校,其他,狮山镇,0,False,30.5,低,60.0,0.0,50,0,0.0
官窑二中,其他,狮山镇,0,False,30.5,低,60.0,0.0,50,0,0.0
佛山市南海翰林实验学校,自然景观,狮山镇,0,False,30.5,低,60.0,0.0,50,0,0.0
桃园中学,其他,大沥镇,0,False,30.5,低,60.0,0.0,50,0,0.0
瀚德外国语学校,其他,九江镇,0,False,30.5,低,60.0,0.0,50,0,0.0
盐步中心小学,其他,大沥镇,0,False,30.5,低,60.0,0.0,50,0,0.0
佛山市梅沙双语学校,自然景观,狮山镇,0,False,30.5,低,60.0,0.0,50,0,0.0
佛山市南海区卓远未来实验学校,自然景观,里水镇,0,False,30.5,低,60.0,0.0,50,0,0.0
博雅学校,其他,狮山镇,0,False,30.5,低,60.0,0.0,50,0,0.0
南海实验小学,其他,桂城街道,0,False,30.5,低,60.0,0.0,50,0,0.0
映月第四小学,其他,桂城街道,0,False,30.5,低,60.0,0.0,50,0,0.0
南海外国语学校-小学部,其他,桂城街道,0,False,30.5,低,60.0,0.0,50,0,0.0
盐步三中,其他,大沥镇,0,False,30.5,低,60.0,0.0,50,0,0.0
狮城中学,其他,狮山镇,0,False,30.5,低,60.0,0.0,50,0,0.0
和顺小学,其他,里水镇,0,False,30.5,低,60.0,0.0,50,0,0.0
石𬒔小学,其他,桂城街道,0,False,30.5,低,60.0,0.0,50,0,0.0
罗村实验学校,其他,狮山镇,0,False,30.5,低,60.0,0.0,50,0,0.0
桂江第二初级中学,其他,桂城街道,0,False,30.5,低,60.0,0.0,50,0,0.0
里水中学,其他,里水镇,0,False,30.5,低,60.0,0.0,50,0,0.0
麻奢小学,其他,里水镇,0,False,30.5,低,60.0,0.0,50,0,0.0
东秀小学,其他,大沥镇,0,False,30.5,低,60.0,0.0,50,0,0.0
西樵中学,其他,西樵镇,0,False,30.5,低,60.0,0.0,50,0,0.0
沙溪小学,其他,里水镇,0,False,30.5,低,60.0,0.0,50,0,0.0
联和吴汉小学,其他,大沥镇,0,False,30.5,低,60.0,0.0,50,0,0.0
九江上东小学,其他,九江镇,0,False,30.5,低,60.0,0.0,50,0,0.0
绿欣小学,其他,里水镇,0,False,30.5,低,60.0,0.0,50,0,0.0
佛山大学(仙溪校区南区),自然景观,狮山镇,0,False,30.5,低,60.0,0.0,50,0,0.0
桂城一中,其他,桂城街道,0,False,30.5,低,60.0,0.0,50,0,0.0
映月中学,其他,桂城街道,0,False,30.5,低,60.0,0.0,50,0,0.0
佛山市金桂实验高级中学,自然景观,桂城街道,0,False,30.5,低,60.0,0.0,50,0,0.0
金沙中学,其他,丹灶镇,0,False,30.5,低,60.0,0.0,50,0,0.0
联表小学,其他,狮山镇,0,False,30.5,低,60.0,0.0,50,0,0.0
加美实验学校,其他,大沥镇,0,False,30.5,低,60.0,0.0,50,0,0.0
桂江一中,其他,桂城街道,0,False,30.5,低,60.0,0.0,50,0,0.0
城南小学,其他,里水镇,0,False,30.5,低,60.0,0.0,50,0,0.0
广东理工职业学院汽车学院,其他,桂城街道,0,False,30.5,低,60.0,0.0,50,0,0.0
文翰中学,其他,桂城街道,0,False,30.5,低,60.0,0.0,50,0,0.0
南海中心小学,其他,桂城街道,0,False,30.5,低,60.0,0.0,50,0,0.0
石门中学(南校区),其他,大沥镇,0,False,30.5,低,60.0,0.0,50,0,0.0
水星学校,其他,里水镇,0,False,30.5,低,60.0,0.0,50,0,0.0
小塘中学,其他,狮山镇,0,False,30.5,低,60.0,0.0,50,0,0.0
佛山暨大港澳子弟学校,自然景观,大沥镇,0,False,30.5,低,60.0,0.0,50,0,0.0
平洲博雅学校,其他,桂城街道,0,False,30.5,低,60.0,0.0,50,0,0.0
招商银行(佛山分行营业部),自然景观,桂城街道,0,False,30.5,低,60.0,0.0,50,0,0.0
广东农信数据中心,其他,桂城街道,0,False,30.5,低,60.0,0.0,50,0,0.0
中国农业银行(南海分行),其他,桂城街道,0,False,30.5,低,60.0,0.0,50,0,0.0
中国工商银行(里水支行),其他,里水镇,0,False,30.5,低,60.0,0.0,50,0,0.0
建行佛山里水支行,自然景观,里水镇,0,False,30.5,低,60.0,0.0,50,0,0.0
中国农业银行南海大沥支行,其他,大沥镇,0,False,30.5,低,60.0,0.0,50,0,0.0
汇丰银行(佛山分行),自然景观,桂城街道,0,False,30.5,低,60.0,0.0,50,0,0.0
中国农业银行(南海罗村支行),其他,狮山镇,0,False,30.5,低,60.0,0.0,50,0,0.0
中国农业银行(南海东部支行),其他,大沥镇,0,False,30.5,低,60.0,0.0,50,0,0.0
拉卡拉银小云刷卡机办理服务中心(南海万达店),其他,桂城街道,0,False,30.5,低,60.0,0.0,50,0,0.0
广发银行(千灯湖支行),自然景观,桂城街道,0,False,30.5,低,60.0,0.0,50,0,0.0
南海农商银行(罗村支行),其他,狮山镇,0,False,30.5,低,60.0,0.0,50,0,0.0
中国农业银行(南海丹灶支行),其他,丹灶镇,0,False,30.5,低,60.0,0.0,50,0,0.0
招商银行(佛山狮山支行),自然景观,狮山镇,0,False,30.5,低,60.0,0.0,50,0,0.0
中国工商银行(佛山南海支行),自然景观,桂城街道,0,False,30.5,低,60.0,0.0,50,0,0.0
中国工商银行(佛山狮山支行),自然景观,狮山镇,0,False,30.5,低,60.0,0.0,50,0,0.0
中国光大银行(佛山分行),自然景观,桂城街道,0,False,30.5,低,60.0,0.0,50,0,0.0
中国建设银行(丹灶支行),其他,丹灶镇,0,False,30.5,低,60.0,0.0,50,0,0.0
中国银行(佛山南海支行),自然景观,桂城街道,0,False,30.5,低,60.0,0.0,50,0,0.0
中国农业银行(南海狮山支行),自然景观,狮山镇,0,False,30.5,低,60.0,0.0,50,0,0.0
中国农业银行(南海桂城支行),其他,桂城街道,0,False,30.5,低,60.0,0.0,50,0,0.0
招商银行(佛山大沥支行),自然景观,大沥镇,0,False,30.5,低,60.0,0.0,50,0,0.0
中国工商银行(平洲支行),其他,桂城街道,0,False,30.5,低,60.0,0.0,50,0,0.0
中国工商银行(佛山南海金沙湾支行),自然景观,大沥镇,0,False,30.5,低,60.0,0.0,50,0,0.0
中国工商银行佛山大沥支行,自然景观,大沥镇,0,False,30.5,低,60.0,0.0,50,0,0.0
广州银行(佛山分行),自然景观,桂城街道,0,False,30.5,低,60.0,0.0,50,0,0.0
招商银行(佛山南海支行),自然景观,桂城街道,0,False,30.5,低,60.0,0.0,50,0,0.0
招商银行(佛山环宇城支行),自然景观,桂城街道,0,False,30.5,低,60.0,0.0,50,0,0.0
中国建设银行(佛山狮山支行),自然景观,狮山镇,0,False,30.5,低,60.0,0.0,50,0,0.0
中国工商银行南海黄岐支行,其他,大沥镇,0,False,30.5,低,60.0,0.0,50,0,0.0
招商银行(佛山罗村支行),自然景观,狮山镇,0,False,30.5,低,60.0,0.0,50,0,0.0
中国银行(黄岐支行),其他,大沥镇,0,False,30.5,低,60.0,0.0,50,0,0.0
中国农业银行(南海里水支行),其他,里水镇,0,False,30.5,低,60.0,0.0,50,0,0.0
中国银行(大沥支行),其他,大沥镇,0,False,30.5,低,60.0,0.0,50,0,0.0
中国农业银行(南海平东支行),其他,桂城街道,0,False,30.5,低,60.0,0.0,50,0,0.0
中国建设银行(佛山南海支行),自然景观,桂城街道,0,False,30.5,低,60.0,0.0,50,0,0.0
中国工商银行(佛山平洲和平支行),自然景观,桂城街道,0,False,30.5,低,60.0,0.0,50,0,0.0
中国农业银行(南海塘城支行),其他,狮山镇,0,False,30.5,低,60.0,0.0,50,0,0.0
中国邮政储蓄银行(桂城支行),其他,桂城街道,0,False,30.5,低,60.0,0.0,50,0,0.0
招商银行(佛山盐步支行),自然景观,大沥镇,0,False,30.5,低,60.0,0.0,50,0,0.0
中国工商银行集约运营中心,其他,桂城街道,0,False,30.5,低,60.0,0.0,50,0,0.0
中国工商银行(佛山罗村支行),自然景观,丹灶镇,0,False,30.5,低,60.0,0.0,50,0,0.0
中国农业银行(九江支行),其他,九江镇,0,False,30.5,低,60.0,0.0,50,0,0.0
招商银行(佛山平洲支行),自然景观,桂城街道,0,False,30.5,低,60.0,0.0,50,0,0.0
中国建设银行(佛山金沙湾支行),自然景观,里水镇,0,False,30.5,低,60.0,0.0,50,0,0.0
中国银行(佛山南海狮山支行),自然景观,狮山镇,0,False,30.5,低,60.0,0.0,50,0,0.0
中国建设银行(建强支行),其他,大沥镇,0,False,30.5,低,60.0,0.0,50,0,0.0
中国银行(佛山南海狮城路支行),自然景观,狮山镇,0,False,30.5,低,60.0,0.0,50,0,0.0
招商银行(佛山南海金融公园支行),自然景观,桂城街道,0,False,30.5,低,60.0,0.0,50,0,0.0
中国农业银行(南海盐步支行),其他,大沥镇,0,False,30.5,低,60.0,0.0,50,0,0.0
中国建设银行(佛山大沥支行),自然景观,大沥镇,0,False,30.5,低,60.0,0.0,50,0,0.0
珠海华润银行(佛山分行),自然景观,桂城街道,0,False,30.5,低,60.0,0.0,50,0,0.0
中国建设银行(佛山新凯广场支行),自然景观,桂城街道,0,False,30.5,低,60.0,0.0,50,0,0.0
中国银行(佛山南海桂城支行),自然景观,桂城街道,0,False,30.5,低,60.0,0.0,50,0,0.0
招商银行(佛山里水支行),自然景观,里水镇,0,False,30.5,低,60.0,0.0,50,0,0.0
中国银行(平洲支行),其他,桂城街道,0,False,30.5,低,60.0,0.0,50,0,0.0
中国工商银行(官窑支行),其他,狮山镇,0,False,30.5,低,60.0,0.0,50,0,0.0
中国银行(佛山南海怡翠馨园支行),自然景观,桂城街道,0,False,30.5,低,60.0,0.0,50,0,0.0
中国银行(佛山南海锦园支行),自然景观,桂城街道,0,False,30.5,低,60.0,0.0,50,0,0.0
中国银行(南海建设大道支行),其他,大沥镇,0,False,30.5,低,60.0,0.0,50,0,0.0
浙商银行(佛山分行),自然景观,桂城街道,0,False,30.5,低,60.0,0.0,50,0,0.0
南海农商银行(西樵支行),其他,西樵镇,0,False,30.5,低,60.0,0.0,50,0,0.0
中国建设银行(佛山岐建支行),自然景观,大沥镇,0,False,30.5,低,60.0,0.0,50,0,0.0
中国农业银行(南海金沙支行),其他,狮山镇,0,False,30.5,低,60.0,0.0,50,0,0.0
中国建设银行(佛山桂城支行),自然景观,桂城街道,0,False,30.5,低,60.0,0.0,50,0,0.0
中国银行佛山南海金科支行,自然景观,桂城街道,0,False,30.5,低,60.0,0.0,50,0,0.0
中国农业银行(南海联沙支行),其他,狮山镇,0,False,30.5,低,60.0,0.0,50,0,0.0
交通银行(佛山狮山支行),自然景观,狮山镇,0,False,30.5,低,60.0,0.0,50,0,0.0
招商银行24小时自助银行(佛山分行),自然景观,桂城街道,0,False,30.5,低,60.0,0.0,50,0,0.0
顺德农商银行(南海支行),其他,桂城街道,0,False,30.5,低,60.0,0.0,50,0,0.0
中国农业银行(万达支行),其他,桂城街道,0,False,30.5,低,60.0,0.0,50,0,0.0
中国工商银行(佛山盐步支行),自然景观,大沥镇,0,False,30.5,低,60.0,0.0,50,0,0.0
中国邮政储蓄银行(平洲支行),其他,桂城街道,0,False,30.5,低,60.0,0.0,50,0,0.0
中国工商银行(万科支行),其他,桂城街道,0,False,30.5,低,60.0,0.0,50,0,0.0
中国工商银行(丹灶支行),其他,丹灶镇,0,False,30.5,低,60.0,0.0,50,0,0.0
中国农业银行(南海锦城支行),其他,桂城街道,0,False,30.5,低,60.0,0.0,50,0,0.0
中国建设银行(佛山罗村支行),自然景观,丹灶镇,0,False,30.5,低,60.0,0.0,50,0,0.0
浦发银行(佛山分行),自然景观,桂城街道,0,False,30.5,低,60.0,0.0,50,0,0.0
中国工商银行(佛山南海乐信支行),自然景观,狮山镇,0,False,30.5,低,60.0,0.0,50,0,0.0
中国邮政储蓄银行(南海支行),其他,桂城街道,0,False,30.5,低,60.0,0.0,50,0,0.0
平安银行(佛山大沥支行),自然景观,大沥镇,0,False,30.5,低,60.0,0.0,50,0,0.0
中国建设银行(佛山虹岭路支行),自然景观,狮山镇,0,False,30.5,低,60.0,0.0,50,0,0.0
佛山千灯湖音乐秀场,自然景观,桂城街道,0,False,30.5,低,60.0,0.0,50,0,0.0
非遗盆菜研发基地,非遗体验,桂城街道,0,False,30.5,低,60.0,0.0,50,0,0.0
中国数字非遗课题组佛山市工作站,自然景观,桂城街道,0,False,30.5,低,60.0,0.0,50,0,0.0
千年艾·非遗灸馆,非遗体验,桂城街道,0,False,30.5,低,60.0,0.0,50,0,0.0
广东中医师承教育研究中心南海湾中医药传习基地,其他,西樵镇,0,False,30.5,低,60.0,0.0,50,0,0.0
烟南古村,人文古迹,西樵镇,0,False,30.5,低,60.0,0.0,50,0,0.0
雷锋纪念馆,自然景观,狮山镇,0,False,30.5,低,60.0,0.0,50,0,0.0
南海文化中心,其他,桂城街道,0,False,30.5,低,60.0,0.0,50,0,0.0
碧华文体楼,其他,里水镇,0,False,30.5,低,60.0,0.0,50,0,0.0
三洲村文化中心,其他,桂城街道,0,False,30.5,低,60.0,0.0,50,0,0.0
河清二村文化楼,其他,九江镇,0,False,30.5,低,60.0,0.0,50,0,0.0
映月文化中心,其他,桂城街道,0,False,30.5,低,60.0,0.0,50,0,0.0
佛山市南海区文化馆,自然景观,桂城街道,0,False,30.5,低,60.0,0.0,50,0,0.0
铺前村文化室,其他,大沥镇,0,False,30.5,低,60.0,0.0,50,0,0.0
高家文化楼,其他,丹灶镇,0,False,30.5,低,60.0,0.0,50,0,0.0
樵山文化中心C区,自然景观,西樵镇,0,False,30.5,低,60.0,0.0,50,0,0.0
下观村文化楼,宗教场所,大沥镇,0,False,30.5,低,60.0,0.0,50,0,0.0
狮山镇岭贝文化室,自然景观,狮山镇,0,False,30.5,低,60.0,0.0,50,0,0.0
良溪文化室,其他,桂城街道,0,False,30.5,低,60.0,0.0,50,0,0.0
元岗村文化楼,其他,狮山镇,0,False,30.5,低,60.0,0.0,50,0,0.0
聚龙北文化中心,其他,桂城街道,0,False,30.5,低,60.0,0.0,50,0,0.0
罗东文化室,其他,桂城街道,0,False,30.5,低,60.0,0.0,50,0,0.0
朗心村文化室,其他,狮山镇,0,False,30.5,低,60.0,0.0,50,0,0.0
夏江文化楼,其他,丹灶镇,0,False,30.5,低,60.0,0.0,50,0,0.0
四约村文化楼,其他,狮山镇,0,False,30.5,低,60.0,0.0,50,0,0.0
莺涌文化中心,其他,里水镇,0,False,30.5,低,60.0,0.0,50,0,0.0
滘西文化室,其他,里水镇,0,False,30.5,低,60.0,0.0,50,0,0.0
水头何村文化楼,其他,里水镇,0,False,30.5,低,60.0,0.0,50,0,0.0
谭边文化室,其他,大沥镇,0,False,30.5,低,60.0,0.0,50,0,0.0
福庆村文化室,其他,桂城街道,0,False,30.5,低,60.0,0.0,50,0,0.0
罗田文化楼,其他,桂城街道,0,False,30.5,低,60.0,0.0,50,0,0.0
欧岗文化楼,其他,狮山镇,0,False,30.5,低,60.0,0.0,50,0,0.0
河岗新村文化楼,其他,西樵镇,0,False,30.5,低,60.0,0.0,50,0,0.0
西鸦村文化室,其他,大沥镇,0,False,30.5,低,60.0,0.0,50,0,0.0
绿杨文化室,其他,大沥镇,0,False,30.5,低,60.0,0.0,50,0,0.0
邝边村文化室,其他,里水镇,0,False,30.5,低,60.0,0.0,50,0,0.0
下滘上沙北文化楼,其他,丹灶镇,0,False,30.5,低,60.0,0.0,50,0,0.0
南海区工人文化宫狮山宫,自然景观,狮山镇,0,False,30.5,低,60.0,0.0,50,0,0.0
西城村文化楼,其他,丹灶镇,0,False,30.5,低,60.0,0.0,50,0,0.0
寨边四队文化室,其他,狮山镇,0,False,30.5,低,60.0,0.0,50,0,0.0
詹村文化楼,其他,桂城街道,0,False,30.5,低,60.0,0.0,50,0,0.0
夏西罗芳文化室,其他,桂城街道,0,False,30.5,低,60.0,0.0,50,0,0.0
北边文化中心,其他,桂城街道,0,False,30.5,低,60.0,0.0,50,0,0.0
五房沙文化中心,其他,桂城街道,0,False,30.5,低,60.0,0.0,50,0,0.0
樵阳文化室,其他,丹灶镇,0,False,30.5,低,60.0,0.0,50,0,0.0
新约文化中心,其他,桂城街道,0,False,30.5,低,60.0,0.0,50,0,0.0
南星三队文化室,其他,丹灶镇,0,False,30.5,低,60.0,0.0,50,0,0.0
泗沥文化室,其他,大沥镇,0,False,30.5,低,60.0,0.0,50,0,0.0
河西新德村文化室,其他,里水镇,0,False,30.5,低,60.0,0.0,50,0,0.0
黄岐文化中心,其他,大沥镇,0,False,30.5,低,60.0,0.0,50,0,0.0
南星五队文化室,其他,狮山镇,0,False,30.5,低,60.0,0.0,50,0,0.0
西一文化楼,其他,狮山镇,0,False,30.5,低,60.0,0.0,50,0,0.0
南星一队文化室,其他,狮山镇,0,False,30.5,低,60.0,0.0,50,0,0.0
九江镇下西上基文化楼,其他,九江镇,0,False,30.5,低,60.0,0.0,50,0,0.0
敦根村文化楼,其他,九江镇,0,False,30.5,低,60.0,0.0,50,0,0.0
平南祥罗文化楼,其他,桂城街道,0,False,30.5,低,60.0,0.0,50,0,0.0
镇头村文化室,其他,里水镇,0,False,30.5,低,60.0,0.0,50,0,0.0
涌源文化中心,其他,桂城街道,0,False,30.5,低,60.0,0.0,50,0,0.0
沙水村文化室,其他,里水镇,0,False,30.5,低,60.0,0.0,50,0,0.0
滘中文化室,其他,里水镇,0,False,30.5,低,60.0,0.0,50,0,0.0
桃南名贤文化楼,其他,大沥镇,0,False,30.5,低,60.0,0.0,50,0,0.0
果冈文化室,其他,大沥镇,0,False,30.5,低,60.0,0.0,50,0,0.0
南海区工人文化宫,其他,九江镇,0,False,30.5,低,60.0,0.0,50,0,0.0
工人文化宫(盐步直街),体育设施,大沥镇,0,False,30.5,低,60.0,0.0,50,0,0.0
孔溪文化中心,其他,桂城街道,0,False,30.5,低,60.0,0.0,50,0,0.0
民乐和平村文化楼,其他,西樵镇,0,False,30.5,低,60.0,0.0,50,0,0.0
南海区工人文化宫丹灶宫,其他,丹灶镇,0,False,30.5,低,60.0,0.0,50,0,0.0
下坊文化楼,其他,丹灶镇,0,False,30.5,低,60.0,0.0,50,0,0.0
得胜南隅村文化室,其他,里水镇,0,False,30.5,低,60.0,0.0,50,0,0.0
狮山镇上旺田文化室,自然景观,狮山镇,0,False,30.5,低,60.0,0.0,50,0,0.0
聚星文化楼,其他,西樵镇,0,False,30.5,低,60.0,0.0,50,0,0.0
新东村文化楼,其他,大沥镇,0,False,30.5,低,60.0,0.0,50,0,0.0
北塱文化楼,其他,丹灶镇,0,False,30.5,低,60.0,0.0,50,0,0.0
南方村文化室,其他,里水镇,0,False,30.5,低,60.0,0.0,50,0,0.0
腾涌文化室,其他,桂城街道,0,False,30.5,低,60.0,0.0,50,0,0.0
简村西便文化楼,其他,西樵镇,0,False,30.5,低,60.0,0.0,50,0,0.0
南大文化室(原陈颖公祠),其他,桂城街道,0,False,30.5,低,60.0,0.0,50,0,0.0
向明村文化中心,其他,九江镇,0,False,30.5,低,60.0,0.0,50,0,0.0
梅北文化楼,其他,九江镇,0,False,30.5,低,60.0,0.0,50,0,0.0
百东东便文化楼,其他,丹灶镇,0,False,30.5,低,60.0,0.0,50,0,0.0
和顺镇和中村文化室,其他,里水镇,0,False,30.5,低,60.0,0.0,50,0,0.0
西约文化室(环山路),自然景观,桂城街道,0,False,30.5,低,60.0,0.0,50,0,0.0
豸厦文化室,其他,大沥镇,0,False,30.5,低,60.0,0.0,50,0,0.0
里水镇青少年文化宫,其他,里水镇,0,False,30.5,低,60.0,0.0,50,0,0.0
学正村文化室,其他,里水镇,0,False,30.5,低,60.0,0.0,50,0,0.0
村尾文化楼,其他,狮山镇,0,False,30.5,低,60.0,0.0,50,0,0.0
罗村文化中心,体育设施,里水镇,0,False,30.5,低,60.0,0.0,50,0,0.0
桥西文化室,其他,里水镇,0,False,30.5,低,60.0,0.0,50,0,0.0
三约文化楼,其他,狮山镇,0,False,30.5,低,60.0,0.0,50,0,0.0
五甲文化楼,其他,狮山镇,0,False,30.5,低,60.0,0.0,50,0,0.0
十一队文化楼,其他,西樵镇,0,False,30.5,低,60.0,0.0,50,0,0.0
上西长龄文化楼,其他,丹灶镇,0,False,30.5,低,60.0,0.0,50,0,0.0
南海区工人文化宫里水宫,其他,里水镇,0,False,30.5,低,60.0,0.0,50,0,0.0
牌楼村文化室,其他,西樵镇,0,False,30.5,低,60.0,0.0,50,0,0.0
万石大莲塘村文化室,其他,大沥镇,0,False,30.5,低,60.0,0.0,50,0,0.0
14队文化楼,其他,丹灶镇,0,False,30.5,低,60.0,0.0,50,0,0.0
共南文化室,其他,里水镇,0,False,30.5,低,60.0,0.0,50,0,0.0
民乐三队文化楼,其他,丹灶镇,0,False,30.5,低,60.0,0.0,50,0,0.0
四约文化楼,其他,丹灶镇,0,False,30.5,低,60.0,0.0,50,0,0.0
红桥文化楼,其他,丹灶镇,0,False,30.5,低,60.0,0.0,50,0,0.0
小朗文化楼,其他,大沥镇,0,False,30.5,低,60.0,0.0,50,0,0.0
九队文化楼,其他,西樵镇,0,False,30.5,低,60.0,0.0,50,0,0.0
桂城文化中心,其他,桂城街道,0,False,30.5,低,60.0,0.0,50,0,0.0
竹径村文化馆,文化场馆,丹灶镇,0,False,30.5,低,60.0,0.0,50,0,0.0
石塘文化室,其他,丹灶镇,0,False,30.5,低,60.0,0.0,50,0,0.0
佛山市青少年文化宫翰林宫,自然景观,丹灶镇,0,False,30.5,低,60.0,0.0,50,0,0.0
塘基队文化楼,其他,西樵镇,0,False,30.5,低,60.0,0.0,50,0,0.0
河清三村文化楼,其他,西樵镇,0,False,30.5,低,60.0,0.0,50,0,0.0
佛山魁星书院讲学堂,自然景观,桂城街道,0,False,30.5,低,60.0,0.0,50,0,0.0
河北书院,其他,桂城街道,0,False,30.5,低,60.0,0.0,50,0,0.0
大科书院,其他,西樵镇,0,False,30.5,低,60.0,0.0,50,0,0.0
王鹤程书院,其他,西樵镇,0,False,30.5,低,60.0,0.0,50,0,0.0
翰华书院,其他,里水镇,0,False,30.5,低,60.0,0.0,50,0,0.0
西樵山书院乡创工作室,自然景观,西樵镇,0,False,30.5,低,60.0,0.0,50,0,0.0
明途书院,其他,丹灶镇,0,False,30.5,低,60.0,0.0,50,0,0.0
玉见红心书院(读书驿站),文化场馆,桂城街道,0,False,30.5,低,60.0,0.0,50,0,0.0
佛山市始一书院,自然景观,丹灶镇,0,False,30.5,低,60.0,0.0,50,0,0.0
雷岗社区书院坊,其他,桂城街道,0,False,30.5,低,60.0,0.0,50,0,0.0
弘毅书院,其他,里水镇,0,False,30.5,低,60.0,0.0,50,0,0.0
颐水禅国学书院,其他,桂城街道,0,False,30.5,低,60.0,0.0,50,0,0.0
黎氏书院,其他,里水镇,0,False,30.5,低,60.0,0.0,50,0,0.0
胡氏宗祠,自然景观,里水镇,3.9,False,30.1,低,72.6,0.0,33.3,0,0.0
胡氏宗祠,自然景观,丹灶镇,4.1,False,30.1,低,72.6,0.0,33.3,0,0.0
胡氏宗祠,其他,里水镇,2.9,False,30.1,低,72.6,0.0,33.3,0,0.0
吴氏大宗祠,自然景观,大沥镇,3.3,False,29.3,低,70.0,0.0,33.3,0,0.0
吴氏大宗祠,其他,狮山镇,4.1,False,29.3,低,70.0,0.0,33.3,0,0.0
吴氏大宗祠,自然景观,狮山镇,3.1,False,29.3,低,70.0,0.0,33.3,0,0.0
何思成堂醒狮团,休闲娱乐,西樵镇,2.8,True,28.8,低,56.0,0.0,0.0,60,0.0
黎氏宗祠,自然景观,桂城街道,4.1,False,28.3,低,66.6,0.0,33.3,0,0.0
黎氏宗祠,自然景观,丹灶镇,2.9,False,28.3,低,66.6,0.0,33.3,0,0.0
黎氏宗祠,其他,狮山镇,3.0,False,28.3,低,66.6,0.0,33.3,0,0.0
香港关明咏春国术总会,其他,大沥镇,2.6,True,27.6,低,52.0,0.0,0.0,60,0.0
张红山咏春拳馆,自然景观,大沥镇,3.9,True,27.3,低,51.0,0.0,0.0,60,0.0
张红山咏春拳馆,自然景观,大沥镇,1.2,True,27.3,低,51.0,0.0,0.0,60,0.0
马大将军庙,自然景观,桂城街道,3.9,False,23.4,低,78.0,0.0,0.0,0,0.0
祖盛徐公祠,自然景观,狮山镇,3.9,False,23.4,低,78.0,0.0,0.0,0,0.0
寨边五队李氏宗祠,自然景观,狮山镇,3.9,False,23.4,低,78.0,0.0,0.0,0,0.0
和桂文化广场,自然景观,里水镇,3.9,False,23.4,低,78.0,0.0,0.0,0,0.0
南海区基督教官窑堂,自然景观,狮山镇,3.9,False,23.4,低,78.0,0.0,0.0,0,0.0
麦氏宗祠(不对外开放),自然景观,丹灶镇,3.9,False,23.4,低,78.0,0.0,0.0,0,0.0
罗氏宗祠,自然景观,狮山镇,3.9,False,23.4,低,78.0,0.0,0.0,0,0.0
何氏大宗祠,自然景观,狮山镇,3.9,False,23.4,低,78.0,0.0,0.0,0,0.0
胜利公园,自然景观,里水镇,3.9,False,23.4,低,78.0,0.0,0.0,0,0.0
松隐家塾,自然景观,里水镇,3.9,False,23.4,低,78.0,0.0,0.0,0,0.0
严氏宗祠,自然景观,狮山镇,3.9,False,23.4,低,78.0,0.0,0.0,0,0.0
钟氏大宗祠,自然景观,大沥镇,3.9,False,23.4,低,78.0,0.0,0.0,0,0.0
万氏大宗祠,自然景观,大沥镇,3.9,False,23.4,低,78.0,0.0,0.0,0,0.0
北一公园,自然景观,大沥镇,3.9,False,23.4,低,78.0,0.0,0.0,0,0.0
里水滨河公园,自然景观,里水镇,3.9,False,23.4,低,78.0,0.0,0.0,0,0.0
莲藕塘公园,自然景观,大沥镇,3.9,False,23.4,低,78.0,0.0,0.0,0,0.0
龙涛湾森林动感水城,自然景观,西樵镇,3.9,False,23.4,低,78.0,0.0,0.0,0,0.0
西樵戴氏大宗祠,自然景观,西樵镇,3.9,False,23.4,低,78.0,0.0,0.0,0,0.0
宗汉黄公祠,自然景观,狮山镇,3.9,False,23.4,低,78.0,0.0,0.0,0,0.0
洪圣古庙,自然景观,狮山镇,3.9,False,23.4,低,78.0,0.0,0.0,0,0.0
罗氏宗祠,自然景观,丹灶镇,3.9,False,23.4,低,78.0,0.0,0.0,0,0.0
承源蔡公祠,自然景观,狮山镇,3.9,False,23.4,低,78.0,0.0,0.0,0,0.0
九江侨乡博物馆,文化场馆,九江镇,3.9,False,23.4,低,78.0,0.0,0.0,0,0.0
南海风物方志馆,文化场馆,桂城街道,3.9,False,23.4,低,78.0,0.0,0.0,0,0.0
有为馆,文化场馆,西樵镇,3.9,False,23.4,低,78.0,0.0,0.0,0,0.0
康有为书法艺术院,文化场馆,丹灶镇,3.9,False,23.4,低,78.0,0.0,0.0,0,0.0
灏迈艺术馆,文化场馆,里水镇,3.9,False,23.4,低,78.0,0.0,0.0,0,0.0
陈洲亲子美术馆,文化场馆,丹灶镇,3.9,False,23.4,低,78.0,0.0,0.0,0,0.0
棋盘村陈氏宗祠(万元户纪念馆),自然景观,狮山镇,3.9,False,23.4,低,78.0,0.0,0.0,0,0.0
四面佛,自然景观,西樵镇,3.9,False,23.4,低,78.0,0.0,0.0,0,0.0
云岩古寺,自然景观,西樵镇,3.9,False,23.4,低,78.0,0.0,0.0,0,0.0
腾滘大社,自然景观,丹灶镇,3.9,False,23.4,低,78.0,0.0,0.0,0,0.0
观音公园,自然景观,大沥镇,3.9,False,23.4,低,78.0,0.0,0.0,0,0.0
孔溪天后三元古庙,自然景观,桂城街道,3.9,False,23.4,低,78.0,0.0,0.0,0,0.0
周将军庙,自然景观,桂城街道,3.9,False,23.4,低,78.0,0.0,0.0,0,0.0
佛心堂,自然景观,丹灶镇,3.9,False,23.4,低,78.0,0.0,0.0,0,0.0
叶正简纪念馆,自然景观,大沥镇,3.9,False,23.4,低,78.0,0.0,0.0,0,0.0
陈李济李昇佐纪念馆,自然景观,西樵镇,3.9,False,23.4,低,78.0,0.0,0.0,0,0.0
区梦觉故居,自然景观,西樵镇,3.9,False,23.4,低,78.0,0.0,0.0,0,0.0
何晃钊故居,自然景观,九江镇,3.9,False,23.4,低,78.0,0.0,0.0,0,0.0
里水镇革命烈士纪念碑,自然景观,里水镇,3.9,False,23.4,低,78.0,0.0,0.0,0,0.0
木村健身·搏击工作室,体育设施,桂城街道,3.9,False,23.4,低,78.0,0.0,0.0,0,0.0
东悦武道盐步道馆(跆拳道空手道培训),其他,大沥镇,3.9,False,23.4,低,78.0,0.0,0.0,0,0.0
弘武功夫馆,体育设施,狮山镇,3.9,False,23.4,低,78.0,0.0,0.0,0,0.0
格斗虎搏击俱乐部,体育设施,桂城街道,3.9,False,23.4,低,78.0,0.0,0.0,0,0.0
南圣跆拳道(亿美商业楼店),体育设施,丹灶镇,3.9,False,23.4,低,78.0,0.0,0.0,0,0.0
红飞格斗俱乐部(小塘店),体育设施,狮山镇,3.9,False,23.4,低,78.0,0.0,0.0,0,0.0
德易国际跆拳道南海馆(西苑大厦店),体育设施,大沥镇,3.9,False,23.4,低,78.0,0.0,0.0,0,0.0
忆善书院(金沙分院),其他,狮山镇,3.9,False,23.4,低,78.0,0.0,0.0,0,0.0
好未来书院,其他,丹灶镇,3.9,False,23.4,低,78.0,0.0,0.0,0,0.0
忆善书院(樵晖分院),其他,西樵镇,3.9,False,23.4,低,78.0,0.0,0.0,0,0.0
朝山红楼,自然景观,西樵镇,3.9,False,23.4,低,78.0,0.0,0.0,0,0.0
徐氏怀德堂,自然景观,狮山镇,3.9,False,23.4,低,78.0,0.0,0.0,0,0.0
白氏宗祠,自然景观,狮山镇,3.9,False,23.1,低,77.0,0.0,0.0,0,0.0
白氏宗祠,自然景观,狮山镇,3.8,False,23.1,低,77.0,0.0,0.0,0,0.0
曾氏宗祠,自然景观,狮山镇,3.9,False,23.0,低,76.6,0.0,0.0,0,0.0
曾氏宗祠,自然景观,里水镇,3.9,False,23.0,低,76.6,0.0,0.0,0,0.0
曾氏宗祠,自然景观,九江镇,3.7,False,23.0,低,76.6,0.0,0.0,0,0.0
宋提督梁公祠,自然景观,桂城街道,3.8,False,22.8,低,76.0,0.0,0.0,0,0.0
河滨公园,自然景观,西樵镇,3.8,False,22.8,低,76.0,0.0,0.0,0,0.0
蛇龙公园,自然景观,里水镇,3.8,False,22.8,低,76.0,0.0,0.0,0,0.0
江晖园,自然景观,丹灶镇,3.8,False,22.8,低,76.0,0.0,0.0,0,0.0
谭氏大宗祠,自然景观,里水镇,3.8,False,22.8,低,76.0,0.0,0.0,0,0.0
西窓陈宗祠,自然景观,大沥镇,3.8,False,22.8,低,76.0,0.0,0.0,0,0.0
叶氏大宗祠,自然景观,大沥镇,3.8,False,22.8,低,76.0,0.0,0.0,0,0.0
四世杨公祠,自然景观,狮山镇,3.8,False,22.8,低,76.0,0.0,0.0,0,0.0
李氏宗祠(太平圩),自然景观,西樵镇,3.8,False,22.8,低,76.0,0.0,0.0,0,0.0
村头村潘氏大宗祠,自然景观,丹灶镇,3.8,False,22.8,低,76.0,0.0,0.0,0,0.0
大王庙,自然景观,桂城街道,3.8,False,22.8,低,76.0,0.0,0.0,0,0.0
五显祖庙,自然景观,大沥镇,3.8,False,22.8,低,76.0,0.0,0.0,0,0.0
芦塘天主堂,自然景观,狮山镇,3.8,False,22.8,低,76.0,0.0,0.0,0,0.0
卓弘艺术空间,文化场馆,丹灶镇,3.8,False,22.8,低,76.0,0.0,0.0,0,0.0
侯凯东茶文化博物馆,文化场馆,里水镇,3.8,False,22.8,低,76.0,0.0,0.0,0,0.0
中共南三花工委史迹展览,文化场馆,里水镇,3.8,False,22.8,低,76.0,0.0,0.0,0,0.0
南海龙堂文化展,文化场馆,桂城街道,3.8,False,22.8,低,76.0,0.0,0.0,0,0.0
小神笔美术馆,文化场馆,里水镇,3.8,False,22.8,低,76.0,0.0,0.0,0,0.0
读书驿站(里水·麻奢站),文化场馆,里水镇,3.8,False,22.8,低,76.0,0.0,0.0,0,0.0
广东省民营科技馆,其他,狮山镇,3.8,False,22.8,低,76.0,0.0,0.0,0,0.0
南海农商银行(总行营业部),其他,桂城街道,3.8,False,22.8,低,76.0,0.0,0.0,0,0.0
赤山古村文化旅游景区,自然景观,里水镇,3.8,False,22.8,低,76.0,0.0,0.0,0,0.0
麻奢村潭边邓氏宗祠,自然景观,里水镇,3.8,False,22.8,低,76.0,0.0,0.0,0,0.0
巫氏宗祠,其他,里水镇,3.8,False,22.8,低,76.0,0.0,0.0,0,0.0
邓屋邓氏宗祠,自然景观,狮山镇,3.8,False,22.8,低,76.0,0.0,0.0,0,0.0
孔村宗祠,自然景观,里水镇,3.8,False,22.8,低,76.0,0.0,0.0,0,0.0
大涡张氏大宗祠,自然景观,狮山镇,3.8,False,22.8,低,76.0,0.0,0.0,0,0.0
灶岗袁氏大宗祠,自然景观,里水镇,3.8,False,22.8,低,76.0,0.0,0.0,0,0.0
小布村黄氏宗祠,自然景观,里水镇,3.8,False,22.8,低,76.0,0.0,0.0,0,0.0
西樵山风景名胜区-财神庙,自然景观,西樵镇,3.8,False,22.8,低,76.0,0.0,0.0,0,0.0
汤村上社,自然景观,里水镇,3.8,False,22.8,低,76.0,0.0,0.0,0,0.0
南国桃园-观音寺-龟蛇池,自然景观,大沥镇,3.8,False,22.8,低,76.0,0.0,0.0,0,0.0
三界古庙,自然景观,桂城街道,3.8,False,22.8,低,76.0,0.0,0.0,0,0.0
五显古庙,自然景观,西樵镇,3.8,False,22.8,低,76.0,0.0,0.0,0,0.0
先锋庙,自然景观,西樵镇,3.8,False,22.8,低,76.0,0.0,0.0,0,0.0
黄少强故居,自然景观,大沥镇,3.8,False,22.8,低,76.0,0.0,0.0,0,0.0
狮山镇义民纪念碑,自然景观,狮山镇,3.8,False,22.8,低,76.0,0.0,0.0,0,0.0
西樵山古遗址,自然景观,西樵镇,3.8,False,22.8,低,76.0,0.0,0.0,0,0.0
广州古窑遗址,自然景观,桂城街道,3.8,False,22.8,低,76.0,0.0,0.0,0,0.0
菲思搏击健身俱乐部(罗村店),体育设施,狮山镇,3.8,False,22.8,低,76.0,0.0,0.0,0,0.0
绍雷陈家沟太极拳俱乐部(金穗楼店),体育设施,桂城街道,3.8,False,22.8,低,76.0,0.0,0.0,0,0.0
GF 搏击工作室,体育设施,大沥镇,3.8,False,22.8,低,76.0,0.0,0.0,0,0.0
闪电搏击俱乐部,体育设施,九江镇,3.8,False,22.8,低,76.0,0.0,0.0,0,0.0
佛山真武跆拳道馆(海景花园店),自然景观,桂城街道,3.8,False,22.8,低,76.0,0.0,0.0,0,0.0
红黄虎少儿体能运动馆(嘉洲广场店),公园绿地,里水镇,3.8,False,22.8,低,76.0,0.0,0.0,0,0.0
龙武武术跆拳道馆,体育设施,西樵镇,3.8,False,22.8,低,76.0,0.0,0.0,0,0.0
蔡李佛丹灶武术馆,非遗体验,丹灶镇,3.8,False,22.8,低,76.0,0.0,0.0,0,0.0
圣鸿书院,其他,里水镇,3.8,False,22.8,低,76.0,0.0,0.0,0,0.0
守一书院,其他,里水镇,3.8,False,22.8,低,76.0,0.0,0.0,0,0.0
南州书院,其他,桂城街道,3.8,False,22.8,低,76.0,0.0,0.0,0,0.0
墨禾书院,其他,里水镇,3.8,False,22.8,低,76.0,0.0,0.0,0,0.0
子墨书院,其他,里水镇,3.8,False,22.8,低,76.0,0.0,0.0,0,0.0
子墨书院,其他,大沥镇,3.8,False,22.8,低,76.0,0.0,0.0,0,0.0
守一書院,其他,桂城街道,3.8,False,22.8,低,76.0,0.0,0.0,0,0.0
忆善书院(碧玉分院),其他,丹灶镇,3.8,False,22.8,低,76.0,0.0,0.0,0,0.0
儒一书院(桂城),其他,桂城街道,3.8,False,22.8,低,76.0,0.0,0.0,0,0.0
墨契书院(桂城国金店),其他,桂城街道,3.8,False,22.8,低,76.0,0.0,0.0,0,0.0
才盛余公祠,自然景观,西樵镇,3.8,False,22.8,低,76.0,0.0,0.0,0,0.0
明清皇宫,自然景观,西樵镇,3.8,False,22.8,低,76.0,0.0,0.0,0,0.0
竹窓许公祠,自然景观,大沥镇,3.8,False,22.8,低,76.0,0.0,0.0,0,0.0
谭氏宗祠,自然景观,里水镇,3.7,False,22.2,低,74.0,0.0,0.0,0,0.0
南国桃园-南海观音寺-土地庙,自然景观,大沥镇,3.7,False,22.2,低,74.0,0.0,0.0,0,0.0
南国桃园-南海观音寺-姻缘树,自然景观,大沥镇,3.7,False,22.2,低,74.0,0.0,0.0,0,0.0
吕氏宗祠,自然景观,大沥镇,3.7,False,22.2,低,74.0,0.0,0.0,0,0.0
沿江公园,自然景观,里水镇,3.7,False,22.2,低,74.0,0.0,0.0,0,0.0
树蛙攀岩公园,自然景观,西樵镇,3.7,False,22.2,低,74.0,0.0,0.0,0,0.0
丹灶镇消防主题公园,自然景观,丹灶镇,3.7,False,22.2,低,74.0,0.0,0.0,0,0.0
参天宫圣庙,自然景观,桂城街道,3.7,False,22.2,低,74.0,0.0,0.0,0,0.0
太清宫,自然景观,九江镇,3.7,False,22.2,低,74.0,0.0,0.0,0,0.0
二圣古庙,自然景观,里水镇,3.7,False,22.2,低,74.0,0.0,0.0,0,0.0
林氏宗祠,自然景观,里水镇,3.7,False,22.2,低,74.0,0.0,0.0,0,0.0
应忠黄公祠,自然景观,里水镇,3.7,False,22.2,低,74.0,0.0,0.0,0,0.0
钟氏宗祠,自然景观,丹灶镇,3.7,False,22.2,低,74.0,0.0,0.0,0,0.0
天官祖祠,自然景观,大沥镇,3.7,False,22.2,低,74.0,0.0,0.0,0,0.0
陈氏凉茶,自然景观,大沥镇,3.7,False,22.2,低,74.0,0.0,0.0,0,0.0
纯阳古庙,自然景观,桂城街道,3.7,False,22.2,低,74.0,0.0,0.0,0,0.0
云溪侯公祠,自然景观,里水镇,3.7,False,22.2,低,74.0,0.0,0.0,0,0.0
依黛丽内衣博物馆,文化场馆,里水镇,3.7,False,22.2,低,74.0,0.0,0.0,0,0.0
依之妮历史博物馆,文化场馆,里水镇,3.7,False,22.2,低,74.0,0.0,0.0,0,0.0
国风非遗服饰研发馆,非遗体验,桂城街道,3.7,False,22.2,低,74.0,0.0,0.0,0,0.0
锦玥国风美物馆,文化场馆,桂城街道,3.7,False,22.2,低,74.0,0.0,0.0,0,0.0
佛山里水楚天黄科举匾额博物馆,自然景观,里水镇,3.7,False,22.2,低,74.0,0.0,0.0,0,0.0
华芳影像艺术空间,文化场馆,桂城街道,3.7,False,22.2,低,74.0,0.0,0.0,0,0.0
佛山科学技术学院仙溪校区北区校史馆,自然景观,狮山镇,3.7,False,22.2,低,74.0,0.0,0.0,0,0.0
无界艺术馆,文化场馆,桂城街道,3.7,False,22.2,低,74.0,0.0,0.0,0,0.0
清雅艺术馆,文化场馆,大沥镇,3.7,False,22.2,低,74.0,0.0,0.0,0,0.0
佛山九江小牛顿科学馆(渔具路),自然景观,九江镇,3.7,False,22.2,低,74.0,0.0,0.0,0,0.0
肆季·广西非遗酸嘢(里水佳明广场店),非遗体验,里水镇,3.7,False,22.2,低,74.0,0.0,0.0,0,0.0
贤僚古村,自然景观,里水镇,3.7,False,22.2,低,74.0,0.0,0.0,0,0.0
上西村卢氏宗祠,自然景观,大沥镇,3.7,False,22.2,低,74.0,0.0,0.0,0,0.0
麦氏宗祠,自然景观,丹灶镇,3.7,False,22.2,低,74.0,0.0,0.0,0,0.0
傅氏宗祠,自然景观,丹灶镇,3.7,False,22.2,低,74.0,0.0,0.0,0,0.0
梁氏宗祠(荷涌村),自然景观,丹灶镇,3.7,False,22.2,低,74.0,0.0,0.0,0,0.0
泮边杨氏大宗祠,自然景观,狮山镇,3.7,False,22.2,低,74.0,0.0,0.0,0,0.0
郭氏祠堂,自然景观,狮山镇,3.7,False,22.2,低,74.0,0.0,0.0,0,0.0
帅氏宗祠,自然景观,狮山镇,3.7,False,22.2,低,74.0,0.0,0.0,0,0.0
西樵镇河溪村周家祠堂,自然景观,西樵镇,3.7,False,22.2,低,74.0,0.0,0.0,0,0.0
三约村陶氏宗祠,其他,狮山镇,3.7,False,22.2,低,74.0,0.0,0.0,0,0.0
老氏七世祠堂,自然景观,丹灶镇,3.7,False,22.2,低,74.0,0.0,0.0,0,0.0
易氏宗祠,其他,里水镇,3.7,False,22.2,低,74.0,0.0,0.0,0,0.0
靖波潘宗祠,自然景观,西樵镇,3.7,False,22.2,低,74.0,0.0,0.0,0,0.0
九江镇新龙村关氏宗祠,自然景观,九江镇,3.7,False,22.2,低,74.0,0.0,0.0,0,0.0
狮西华凤祠堂,自然景观,狮山镇,3.7,False,22.2,低,74.0,0.0,0.0,0,0.0
康公庙,自然景观,大沥镇,3.7,False,22.2,低,74.0,0.0,0.0,0,0.0
三忠庙,自然景观,丹灶镇,3.7,False,22.2,低,74.0,0.0,0.0,0,0.0
华佗古庙,自然景观,桂城街道,3.7,False,22.2,低,74.0,0.0,0.0,0,0.0
西樵山白云古寺-客堂,自然景观,西樵镇,3.7,False,22.2,低,74.0,0.0,0.0,0,0.0
金刚寺,自然景观,丹灶镇,3.7,False,22.2,低,74.0,0.0,0.0,0,0.0
观音堂,自然景观,丹灶镇,3.7,False,22.2,低,74.0,0.0,0.0,0,0.0
胜利纪念亭,自然景观,西樵镇,3.7,False,22.2,低,74.0,0.0,0.0,0,0.0
大沥革命烈士纪念碑,自然景观,大沥镇,3.7,False,22.2,低,74.0,0.0,0.0,0,0.0
张云峰烈士纪念碑,自然景观,狮山镇,3.7,False,22.2,低,74.0,0.0,0.0,0,0.0
贝力亚搏击俱乐部中心,体育设施,九江镇,3.7,False,22.2,低,74.0,0.0,0.0,0,0.0
泓名跆拳道教育(万利广场店),公园绿地,里水镇,3.7,False,22.2,低,74.0,0.0,0.0,0,0.0
佛山跆拳道正道馆,自然景观,里水镇,3.7,False,22.2,低,74.0,0.0,0.0,0,0.0
臻云书院,其他,里水镇,3.7,False,22.2,低,74.0,0.0,0.0,0,0.0
孔亮书院,其他,丹灶镇,3.7,False,22.2,低,74.0,0.0,0.0,0,0.0
清欢书院,其他,大沥镇,3.7,False,22.2,低,74.0,0.0,0.0,0,0.0
翰华书院(展旗分院),其他,里水镇,3.7,False,22.2,低,74.0,0.0,0.0,0,0.0
南海区亲寄盐步河西西炮楼,自然景观,大沥镇,3.7,False,22.2,低,74.0,0.0,0.0,0,0.0
锺氏宗祠,自然景观,大沥镇,3.7,False,22.2,低,74.0,0.0,0.0,0,0.0
晋阳古道,自然景观,桂城街道,3.7,False,22.2,低,74.0,0.0,0.0,0,0.0
狮北井水邓氏宗祠,自然景观,狮山镇,3.7,False,22.2,低,74.0,0.0,0.0,0,0.0
远扬信芳黄公祠,自然景观,里水镇,3.7,False,22.2,低,74.0,0.0,0.0,0,0.0
何氏宗祠,自然景观,西樵镇,3.9,False,22.0,低,73.4,0.0,0.0,0,0.0
何氏宗祠,自然景观,九江镇,3.6,False,22.0,低,73.4,0.0,0.0,0,0.0
何氏宗祠,自然景观,丹灶镇,3.5,False,22.0,低,73.4,0.0,0.0,0,0.0
吴氏宗祠,自然景观,狮山镇,3.7,False,21.9,低,73.0,0.0,0.0,0,0.0
吴氏宗祠,其他,里水镇,3.6,False,21.9,低,73.0,0.0,0.0,0,0.0
黄氏宗祠,自然景观,大沥镇,3.9,False,21.7,低,72.2,0.0,0.0,0,0.0
黄氏宗祠,自然景观,里水镇,3.9,False,21.7,低,72.2,0.0,0.0,0,0.0
黄氏宗祠,自然景观,里水镇,3.9,False,21.7,低,72.2,0.0,0.0,0,0.0
黄氏宗祠,自然景观,桂城街道,3.7,False,21.7,低,72.2,0.0,0.0,0,0.0
黄氏宗祠,其他,丹灶镇,2.8,False,21.7,低,72.2,0.0,0.0,0,0.0
黄氏宗祠,其他,里水镇,3.4,False,21.7,低,72.2,0.0,0.0,0,0.0
黄氏宗祠,自然景观,西樵镇,3.7,False,21.7,低,72.2,0.0,0.0,0,0.0
黄氏宗祠,其他,狮山镇,3.6,False,21.7,低,72.2,0.0,0.0,0,0.0
璜溪公园,自然景观,大沥镇,3.6,False,21.6,低,72.0,0.0,0.0,0,0.0
守顺吴公祠,自然景观,大沥镇,3.6,False,21.6,低,72.0,0.0,0.0,0,0.0
顺天颜公祠,自然景观,大沥镇,3.6,False,21.6,低,72.0,0.0,0.0,0,0.0
敏学黄公祠,自然景观,里水镇,3.6,False,21.6,低,72.0,0.0,0.0,0,0.0
黄氏大宗祠,自然景观,狮山镇,3.6,False,21.6,低,72.0,0.0,0.0,0,0.0
佛山市南海区福厚博物馆,自然景观,丹灶镇,3.6,False,21.6,低,72.0,0.0,0.0,0,0.0
仙岗村村史馆,文化场馆,丹灶镇,3.6,False,21.6,低,72.0,0.0,0.0,0,0.0
邹伯奇展示馆,文化场馆,里水镇,3.6,False,21.6,低,72.0,0.0,0.0,0,0.0
儒林历史文化陈列馆,文化场馆,丹灶镇,3.6,False,21.6,低,72.0,0.0,0.0,0,0.0
映·美术馆,文化场馆,桂城街道,3.6,False,21.6,低,72.0,0.0,0.0,0,0.0
鸿扬艺术馆,文化场馆,桂城街道,3.6,False,21.6,低,72.0,0.0,0.0,0,0.0
悦艺美术馆(暂停开放),文化场馆,桂城街道,3.6,False,21.6,低,72.0,0.0,0.0,0,0.0
读书驿站(大沥六联社区站),文化场馆,大沥镇,3.6,False,21.6,低,72.0,0.0,0.0,0,0.0
莆田非遗小吃,非遗体验,桂城街道,3.6,False,21.6,低,72.0,0.0,0.0,0,0.0
千年艾非遗灸馆(桂城店),非遗体验,桂城街道,3.6,False,21.6,低,72.0,0.0,0.0,0,0.0
翰林埗头,自然景观,丹灶镇,3.6,False,21.6,低,72.0,0.0,0.0,0,0.0
洲头村徐氏宗祠,自然景观,狮山镇,3.6,False,21.6,低,72.0,0.0,0.0,0,0.0
西樵山陈家宗祠,自然景观,西樵镇,3.6,False,21.6,低,72.0,0.0,0.0,0,0.0
上安社区郭家经济社郭氏宗祠,自然景观,狮山镇,3.6,False,21.6,低,72.0,0.0,0.0,0,0.0
汤氏宗祠,其他,里水镇,3.6,False,21.6,低,72.0,0.0,0.0,0,0.0
高边村吴氏宗祠,自然景观,里水镇,3.6,False,21.6,低,72.0,0.0,0.0,0,0.0
文昌庙,自然景观,西樵镇,3.6,False,21.6,低,72.0,0.0,0.0,0,0.0
南国桃园-观音寺-荷香塔影,自然景观,大沥镇,3.6,False,21.6,低,72.0,0.0,0.0,0,0.0
南海兴贤文化纪念馆,自然景观,大沥镇,3.6,False,21.6,低,72.0,0.0,0.0,0,0.0
区梦觉生平事迹展陈馆,自然景观,西樵镇,3.6,False,21.6,低,72.0,0.0,0.0,0,0.0
万元户纪念馆,自然景观,狮山镇,3.6,False,21.6,低,72.0,0.0,0.0,0,0.0
方献夫纪念馆,自然景观,丹灶镇,3.6,False,21.6,低,72.0,0.0,0.0,0,0.0
体艺到家·跳绳·增高·中考·羽毛球·体适能(南海店),其他,桂城街道,3.6,False,21.6,低,72.0,0.0,0.0,0,0.0
周杰远詠春全总会,其他,丹灶镇,3.6,False,21.6,低,72.0,0.0,0.0,0,0.0
江南书院桂江校区,其他,桂城街道,3.6,False,21.6,低,72.0,0.0,0.0,0,0.0
听荷轩书院,其他,大沥镇,3.6,False,21.6,低,72.0,0.0,0.0,0,0.0
法布施书院,其他,桂城街道,3.6,False,21.6,低,72.0,0.0,0.0,0,0.0
佛山市南海区狮山镇官窑黎岗乡礼南村六巷省轩李公祠,自然景观,狮山镇,3.6,False,21.6,低,72.0,0.0,0.0,0,0.0
珍奇植物园,自然景观,狮山镇,3.5,False,21.0,低,70.0,0.0,0.0,0,0.0
街心公园,自然景观,里水镇,3.5,False,21.0,低,70.0,0.0,0.0,0,0.0
谢氏宗祠,自然景观,里水镇,3.9,False,21.0,低,70.0,0.0,0.0,0,0.0
基督教罗行堂,自然景观,丹灶镇,3.5,False,21.0,低,70.0,0.0,0.0,0,0.0
天主堂,自然景观,丹灶镇,3.5,False,21.0,低,70.0,0.0,0.0,0,0.0
六月西洋艺术博物馆,文化场馆,桂城街道,3.5,False,21.0,低,70.0,0.0,0.0,0,0.0
璜溪村艺术展览馆,文化场馆,大沥镇,3.5,False,21.0,低,70.0,0.0,0.0,0,0.0
新华乐育Ai书房,文化场馆,桂城街道,3.5,False,21.0,低,70.0,0.0,0.0,0,0.0
太史第,自然景观,丹灶镇,3.5,False,21.0,低,70.0,0.0,0.0,0,0.0
蔡氏宗祠,自然景观,里水镇,3.5,False,21.0,低,70.0,0.0,0.0,0,0.0
瑶边周氏祠堂,自然景观,大沥镇,3.5,False,21.0,低,70.0,0.0,0.0,0,0.0
北山村罗氏宗祠,自然景观,狮山镇,3.5,False,21.0,低,70.0,0.0,0.0,0,0.0
儒溪村陈氏宗祠,自然景观,西樵镇,3.5,False,21.0,低,70.0,0.0,0.0,0,0.0
梁氏祠堂,自然景观,桂城街道,3.5,False,21.0,低,70.0,0.0,0.0,0,0.0
塘口黄氏大宗祠,自然景观,丹灶镇,3.5,False,21.0,低,70.0,0.0,0.0,0,0.0
谢氏宗祠,其他,狮山镇,3.1,False,21.0,低,70.0,0.0,0.0,0,0.0
平沙南社古圆祠堂,自然景观,西樵镇,3.5,False,21.0,低,70.0,0.0,0.0,0,0.0
兴贤文化纪念馆兴贤吴氏大宗祠筹委会,文化场馆,大沥镇,3.5,False,21.0,低,70.0,0.0,0.0,0,0.0
徐边无辜受害死难贫下中农纪念碑,自然景观,狮山镇,3.5,False,21.0,低,70.0,0.0,0.0,0,0.0
通心岗遗址,自然景观,丹灶镇,3.5,False,21.0,低,70.0,0.0,0.0,0,0.0
郑氏跆拳道馆,体育设施,桂城街道,3.5,False,21.0,低,70.0,0.0,0.0,0,0.0
西樵大同书院,其他,西樵镇,3.5,False,21.0,低,70.0,0.0,0.0,0,0.0
艺鸣书院,其他,丹灶镇,3.5,False,21.0,低,70.0,0.0,0.0,0,0.0
梁氏大宗祠,自然景观,里水镇,3.1,False,20.7,低,69.0,0.0,0.0,0,0.0
梁氏大宗祠,自然景观,桂城街道,3.8,False,20.7,低,69.0,0.0,0.0,0,0.0
李氏宗祠,自然景观,狮山镇,3.8,False,20.4,低,68.0,0.0,0.0,0,0.0
西樵山国艺影视城-地藏菩萨,自然景观,西樵镇,3.4,False,20.4,低,68.0,0.0,0.0,0,0.0
党建公园,自然景观,桂城街道,3.4,False,20.4,低,68.0,0.0,0.0,0,0.0
李氏宗祠,自然景观,大沥镇,3.5,False,20.4,低,68.0,0.0,0.0,0,0.0
纯嘏冯公祠,自然景观,里水镇,3.4,False,20.4,低,68.0,0.0,0.0,0,0.0
佛子庙,自然景观,西樵镇,3.4,False,20.4,低,68.0,0.0,0.0,0,0.0
佛山市南海区狮山镇联星社区非物质文化遗产传承馆,自然景观,狮山镇,3.4,False,20.4,低,68.0,0.0,0.0,0,0.0
饶宝莲剪纸艺术佛山孝德湖传承基地,自然景观,狮山镇,3.4,False,20.4,低,68.0,0.0,0.0,0,0.0
汤村南社大有书塾汉润堂,自然景观,里水镇,3.4,False,20.4,低,68.0,0.0,0.0,0,0.0
长庚门,自然景观,狮山镇,3.4,False,20.4,低,68.0,0.0,0.0,0,0.0
李氏宗祠,自然景观,大沥镇,2.7,False,20.4,低,68.0,0.0,0.0,0,0.0
李氏宗祠,自然景观,里水镇,3.6,False,20.4,低,68.0,0.0,0.0,0,0.0
大涡邓家邓氏宗祠,自然景观,狮山镇,3.4,False,20.4,低,68.0,0.0,0.0,0,0.0
汤村村汤氏宗祠,自然景观,里水镇,3.4,False,20.4,低,68.0,0.0,0.0,0,0.0
邝氏宗祠,自然景观,狮山镇,3.4,False,20.4,低,68.0,0.0,0.0,0,0.0
赵氏大宗祠,自然景观,西樵镇,3.4,False,20.4,低,68.0,0.0,0.0,0,0.0
村尾村祠堂,自然景观,丹灶镇,3.4,False,20.4,低,68.0,0.0,0.0,0,0.0
李氏宗祠,其他,桂城街道,3.9,False,20.4,低,68.0,0.0,0.0,0,0.0
李氏宗祠,其他,大沥镇,2.9,False,20.4,低,68.0,0.0,0.0,0,0.0
邓氏纪念馆,自然景观,狮山镇,3.4,False,20.4,低,68.0,0.0,0.0,0,0.0
伦文叙纪念广场,自然景观,狮山镇,3.4,False,20.4,低,68.0,0.0,0.0,0,0.0
吴勤抗日义勇队伏击日军战斗遗址,自然景观,桂城街道,3.4,False,20.4,低,68.0,0.0,0.0,0,0.0
横窖道口遗址,自然景观,大沥镇,3.4,False,20.4,低,68.0,0.0,0.0,0,0.0
黄氏格斗基地,体育设施,里水镇,3.4,False,20.4,低,68.0,0.0,0.0,0,0.0
耀学跆拳道(中建广场V+MALL店),公园绿地,桂城街道,3.4,False,20.4,低,68.0,0.0,0.0,0,0.0
ACU跆拳道(佛山南海大沥嘉洲广场店),自然景观,大沥镇,3.4,False,20.4,低,68.0,0.0,0.0,0,0.0
广东嘉冠跆拳道馆,体育设施,里水镇,3.4,False,20.4,低,68.0,0.0,0.0,0,0.0
凤池永春拳馆,体育设施,大沥镇,3.4,False,20.4,低,68.0,0.0,0.0,0,0.0
渔鱼书院,其他,里水镇,3.4,False,20.4,低,68.0,0.0,0.0,0,0.0
阙里旧家,自然景观,大沥镇,3.4,False,20.4,低,68.0,0.0,0.0,0,0.0
董氏宗祠,自然景观,狮山镇,3.4,False,20.4,低,68.0,0.0,0.0,0,0.0
西樵山风景名胜区-字祖庙(装修中),自然景观,西樵镇,3.4,False,20.4,低,68.0,0.0,0.0,0,0.0
张氏宗祠,自然景观,里水镇,3.7,False,20.2,低,67.4,0.0,0.0,0,0.0
张氏宗祠,自然景观,丹灶镇,2.6,False,20.2,低,67.4,0.0,0.0,0,0.0
张氏宗祠,自然景观,狮山镇,3.8,False,20.2,低,67.4,0.0,0.0,0,0.0
桂城文化展馆,文化场馆,桂城街道,3.3,False,19.8,低,66.0,0.0,0.0,0,0.0
佛山市科普教育基地(细胞科技科普展馆),自然景观,桂城街道,3.3,False,19.8,低,66.0,0.0,0.0,0,0.0
宏五吴氏宗祠,其他,里水镇,3.3,False,19.8,低,66.0,0.0,0.0,0,0.0
雷氏宗祠,自然景观,大沥镇,3.3,False,19.8,低,66.0,0.0,0.0,0,0.0
伏水小宗祠,其他,丹灶镇,3.3,False,19.8,低,66.0,0.0,0.0,0,0.0
南中祠堂,自然景观,丹灶镇,3.3,False,19.8,低,66.0,0.0,0.0,0,0.0
武将搏击俱乐部,体育设施,大沥镇,3.3,False,19.8,低,66.0,0.0,0.0,0,0.0
王氏大祠堂,自然景观,丹灶镇,3.3,False,19.8,低,66.0,0.0,0.0,0,0.0
李氏大宗祠,自然景观,丹灶镇,3.2,False,19.4,低,64.6,0.0,0.0,0,0.0
李氏大宗祠,自然景观,丹灶镇,3.2,False,19.4,低,64.6,0.0,0.0,0,0.0
李氏大宗祠,自然景观,丹灶镇,3.3,False,19.4,低,64.6,0.0,0.0,0,0.0
佛山大学仙溪校区北区博物馆,自然景观,狮山镇,3.2,False,19.2,低,64.0,0.0,0.0,0,0.0
陈志成纪念中心,自然景观,桂城街道,3.2,False,19.2,低,64.0,0.0,0.0,0,0.0
佛山奇石窑遗址,自然景观,狮山镇,3.2,False,19.2,低,64.0,0.0,0.0,0,0.0
春华书院,其他,桂城街道,3.2,False,19.2,低,64.0,0.0,0.0,0,0.0
何家天门牌坊,自然景观,丹灶镇,3.2,False,19.2,低,64.0,0.0,0.0,0,0.0
梁氏宗祠,自然景观,里水镇,2.5,False,18.8,低,62.8,0.0,0.0,0,0.0
梁氏宗祠,其他,大沥镇,3.5,False,18.8,低,62.8,0.0,0.0,0,0.0
梁氏宗祠,其他,里水镇,3.0,False,18.8,低,62.8,0.0,0.0,0,0.0
梁氏宗祠,自然景观,丹灶镇,3.5,False,18.8,低,62.8,0.0,0.0,0,0.0
梁氏宗祠,其他,西樵镇,3.2,False,18.8,低,62.8,0.0,0.0,0,0.0
陈氏宗祠,自然景观,里水镇,3.6,False,18.7,低,62.4,0.0,0.0,0,0.0
陈氏宗祠,其他,狮山镇,2.8,False,18.7,低,62.4,0.0,0.0,0,0.0
陈氏宗祠,自然景观,大沥镇,3.2,False,18.7,低,62.4,0.0,0.0,0,0.0
陈氏宗祠,自然景观,里水镇,2.9,False,18.7,低,62.4,0.0,0.0,0,0.0
乐怡美术馆,文化场馆,桂城街道,3.1,False,18.6,低,62.0,0.0,0.0,0,0.0
阳晖茶艺馆,文化场馆,丹灶镇,3.1,False,18.6,低,62.0,0.0,0.0,0,0.0
UNI·科技创意中心(映月湖环宇城),自然景观,桂城街道,3.1,False,18.6,低,62.0,0.0,0.0,0,0.0
黎氏大宗祠,自然景观,丹灶镇,3.1,False,18.6,低,62.0,0.0,0.0,0,0.0
劳氏宗祠,自然景观,狮山镇,3.1,False,18.6,低,62.0,0.0,0.0,0,0.0
叶氏宗祠,自然景观,丹灶镇,3.1,False,18.6,低,62.0,0.0,0.0,0,0.0
关德兴纪念堂,自然景观,西樵镇,3.1,False,18.6,低,62.0,0.0,0.0,0,0.0
李紫屏故居,自然景观,大沥镇,3.1,False,18.6,低,62.0,0.0,0.0,0,0.0
四峰书院遗址,自然景观,西樵镇,3.1,False,18.6,低,62.0,0.0,0.0,0,0.0
葛仙遗迹,自然景观,丹灶镇,3.1,False,18.6,低,62.0,0.0,0.0,0,0.0
汉和书院,其他,桂城街道,3.1,False,18.6,低,62.0,0.0,0.0,0,0.0
德艺传院书院,其他,狮山镇,3.1,False,18.6,低,62.0,0.0,0.0,0,0.0
僧道守云门,自然景观,西樵镇,3.1,False,18.6,低,62.0,0.0,0.0,0,0.0
周氏宗祠,自然景观,里水镇,3.0,False,18.0,低,60.0,0.0,0.0,0,0.0
原氏宗祠,自然景观,狮山镇,3.0,False,18.0,低,60.0,0.0,0.0,0,0.0
黄有恒堂君璧纪念馆,自然景观,西樵镇,3.0,False,18.0,低,60.0,0.0,0.0,0,0.0
梁植伟旧居,自然景观,里水镇,3.0,False,18.0,低,60.0,0.0,0.0,0,0.0
秦窗汉瓦中式铝建筑博物馆,文化场馆,大沥镇,2.9,False,17.4,低,58.0,0.0,0.0,0,0.0
小小博物馆(映月湖环宇城店),自然景观,桂城街道,2.9,False,17.4,低,58.0,0.0,0.0,0,0.0
良登村史馆,文化场馆,丹灶镇,2.9,False,17.4,低,58.0,0.0,0.0,0,0.0
艺阡美术馆,文化场馆,桂城街道,2.9,False,17.4,低,58.0,0.0,0.0,0,0.0
汤村龙氏宗祠,自然景观,里水镇,2.9,False,17.4,低,58.0,0.0,0.0,0,0.0
塘美村祠堂,自然景观,狮山镇,2.9,False,17.4,低,58.0,0.0,0.0,0,0.0
蚝壳墙,自然景观,西樵镇,2.9,False,17.4,低,58.0,0.0,0.0,0,0.0
和光合堂,自然景观,桂城街道,2.8,False,16.8,低,56.0,0.0,0.0,0,0.0
奇石村陈氏宗祠,自然景观,狮山镇,2.8,False,16.8,低,56.0,0.0,0.0,0,0.0
霍氏宗祠,自然景观,丹灶镇,2.8,False,16.8,低,56.0,0.0,0.0,0,0.0
黄君壁纪念馆,自然景观,西樵镇,2.8,False,16.8,低,56.0,0.0,0.0,0,0.0
叶惠仔纪念亭,自然景观,里水镇,2.8,False,16.8,低,56.0,0.0,0.0,0,0.0
悉达书院,其他,狮山镇,2.8,False,16.8,低,56.0,0.0,0.0,0,0.0
稔岗苏氏宗祠,自然景观,西樵镇,2.7,False,16.2,低,54.0,0.0,0.0,0,0.0
姓李祠堂,人文古迹,里水镇,2.7,False,16.2,低,54.0,0.0,0.0,0,0.0
南房祠堂,人文古迹,丹灶镇,2.7,False,16.2,低,54.0,0.0,0.0,0,0.0
广育奕贤纪念馆,自然景观,桂城街道,2.7,False,16.2,低,54.0,0.0,0.0,0,0.0
黄柱和旧居,自然景观,里水镇,2.7,False,16.2,低,54.0,0.0,0.0,0,0.0
方圆书院,其他,里水镇,3.7,False,15.9,低,53.0,0.0,0.0,0,0.0
方圆书院,其他,里水镇,1.6,False,15.9,低,53.0,0.0,0.0,0,0.0
精武珠江派教练邵汉生纪念室,自然景观,桂城街道,2.6,False,15.6,低,52.0,0.0,0.0,0,0.0
启和文化纪念馆,自然景观,九江镇,2.5,False,15.0,低,50.0,0.0,0.0,0,0.0
春灰氹遗址,自然景观,里水镇,2.5,False,15.0,低,50.0,0.0,0.0,0,0.0
陈汉镕纪念亭,自然景观,九江镇,2.4,False,14.4,低,48.0,0.0,0.0,0,0.0
启源书院,其他,里水镇,2.4,False,14.4,低,48.0,0.0,0.0,0,0.0
招大白坭坑炮楼陈列馆,文化场馆,狮山镇,2.3,False,13.8,低,46.0,0.0,0.0,0,0.0
大谷余氏宗祠,自然景观,丹灶镇,2.3,False,13.8,低,46.0,0.0,0.0,0,0.0
语易书院,其他,里水镇,2.0,False,12.0,低,40.0,0.0,0.0,0,0.0
简村社区村史馆,文化场馆,狮山镇,1.9,False,11.4,低,38.0,0.0,0.0,0,0.0
